,pdb_code,protein,species,preferred_chain,state
0,3ZEV,ntr1_rat,Rattus norvegicus,A,Inactive
1,4U15,acm3_rat,Rattus norvegicus,B,Inactive
2,4BWB,ntr1_rat,Rattus norvegicus,A,Inactive
3,7TD0,lpar1_human,Homo sapiens,R,Active
4,6H7N,adrb1_melga,Meleagris gallopavo,A,Active
5,7P02,nk1r_human,Homo sapiens,R,Active
6,7WC4,5ht2a_human,Homo sapiens,A,Inactive
7,4PY0,p2y12_human,Homo sapiens,A,Intermediate
8,7SBF,oprm_mouse,Mus musculus,R,Active
9,7CZ5,ghrhr_human,Homo sapiens,R,Active
10,5N2S,aa1r_human,Homo sapiens,A,Inactive
11,5TE3,opsd_bovin,Bos taurus,A,Active
12,6GPX,ccr2_human,Homo sapiens,B,Inactive
13,5XPR,ednrb_human,Homo sapiens,A,Inactive
14,6H7J,adrb1_melga,Meleagris gallopavo,A,Active
15,4XNV,p2ry1_human,Homo sapiens,A,Intermediate
16,6E59,nk1r_human,Homo sapiens,A,Inactive
17,7EW3,s1pr3_human,Homo sapiens,R,Active
18,7MTS,grm2_human,Homo sapiens,A,Active
19,6WHC,glr_human,Homo sapiens,R,Active
20,4LDL,adrb2_human,Homo sapiens,A,Active
21,4U16,acm3_rat,Rattus norvegicus,B,Inactive
22,6LI3,gpr52_human,Homo sapiens,R,Active
23,4XES,ntr1_rat,Rattus norvegicus,A,Active
24,6M1I,pacr_human,Homo sapiens,A,Active
25,7XT8,5ht4r_human,Homo sapiens,R,Active
26,7WUJ,agrg4_human,Homo sapiens,E,Active
27,6LFO,cxcr2_human,Homo sapiens,R,Active
28,6NIY,calcr_human,Homo sapiens,R,Active
29,6H7O,adrb1_melga,Meleagris gallopavo,A,Active
30,5GLH,ednrb_human,Homo sapiens,A,Inactive
31,5T04,ntr1_rat,Rattus norvegicus,A,Active
32,7VGX,npy1r_human,Homo sapiens,R,Active
33,7EWR,gp158_human,Homo sapiens,A,Inactive
34,5A8E,adrb1_melga,Meleagris gallopavo,A,Inactive
35,6RZ4,cltr1_human,Homo sapiens,A,Intermediate
36,6D35,q98sw5_xenla,Xenopus laevis,A,Active
37,6FFI,grm5_human,Homo sapiens,A,Inactive
38,7LD3,aa1r_human,Homo sapiens,R,Active
39,7SF7,agrl3_human,Homo sapiens,A,Active
40,6Z10,sucr1_rat,Rattus norvegicus,A,Intermediate
41,1GZM,opsd_bovin,Bos taurus,A,Inactive
42,7EJX,gpr88_human,Homo sapiens,R,Active
43,7BW0,gpbar_human,Homo sapiens,R,Active
44,7CX2,pe2r2_human,Homo sapiens,R,Active
45,7EJA,ada2a_human,Homo sapiens,R,Active
46,6DDE,oprm_mouse,Mus musculus,R,Active
47,7VGY,mtr1a_human,Homo sapiens,A,Active
48,7E14,glp1r_human,Homo sapiens,R,Active
49,6XBJ,smo_human,Homo sapiens,R,Active
50,4XT3,us28_hcmva,Human cytomegalovirus,A,Active
51,5TGZ,cnr1_human,Homo sapiens,A,Inactive
52,5VBL,apj_human,Homo sapiens,B,Inactive
53,5NJ6,par2_human,Homo sapiens,A,Intermediate
54,6HLO,nk1r_human,Homo sapiens,A,Inactive
55,5TZY,ffar1_human,Homo sapiens,A,Intermediate
56,7TD2,lpar1_human,Homo sapiens,R,Active
57,6ME9,mtr1b_human,Homo sapiens,B,Inactive
58,6D27,pd2r2_human,Homo sapiens,A,Inactive
59,5CGD,grm5_human,Homo sapiens,A,Inactive
60,6RZ6,cltr2_human,Homo sapiens,A,Intermediate
61,7XTB,5ht6r_human,Homo sapiens,R,Active
62,7DTY,gipr_human,Homo sapiens,R,Active
63,7EVM,glp1r_human,Homo sapiens,R,Active
64,7KH0,v2r_human,Homo sapiens,R,Active
65,6LML,glr_human,Homo sapiens,R,Active
66,7F53,mc4r_human,Homo sapiens,R,Active
67,6FK6,opsd_bovin,Bos taurus,A,Active
68,7EXD,5ht1f_human,Homo sapiens,R,Active
69,7EO4,s1pr1_human,Homo sapiens,A,Active
70,7CKW,drd1_human,Homo sapiens,R,Active
71,7RGP,glp1r_human,Homo sapiens,R,Active
72,7LJD,drd1_human,Homo sapiens,R,Active
73,7M8W,pd2r2_human,Homo sapiens,A,Inactive
74,6PS8,mtr1a_human,Homo sapiens,A,Inactive
75,7VV6,mrgx2_human,Homo sapiens,R,Active
76,5NM2,aa2ar_human,Homo sapiens,A,Inactive
77,5VEW,glp1r_human,Homo sapiens,A,Inactive
78,6TKO,adrb1_melga,Meleagris gallopavo,A,Active
79,5UNG,agtr2_human,Homo sapiens,B,Active
80,6NWE,opsd_bovin,Bos taurus,A,Active
81,6HLL,nk1r_human,Homo sapiens,A,Inactive
82,5ZK3,acm2_human,Homo sapiens,A,Inactive
83,6FK9,opsd_bovin,Bos taurus,A,Active
84,6BD4,fzd4_human,Homo sapiens,A,Inactive
85,6JOD,agtr2_human,Homo sapiens,A,Active
86,5WS3,ox2r_human,Homo sapiens,A,Inactive
87,6J21,nk1r_human,Homo sapiens,A,Inactive
88,7KNU,calrl_human,Homo sapiens,R,Inactive
89,6DRX,5ht2b_human,Homo sapiens,A,Intermediate
90,5T1A,ccr2_human,Homo sapiens,A,Inactive
91,6UOA,gabr2_human,Homo sapiens,B,Inactive
92,6M9T,pe2r3_human,Homo sapiens,A,Active
93,7F9Y,ghsr_human,Homo sapiens,R,Active
94,2R4R,adrb2_human,Homo sapiens,A,Inactive
95,7SHF,gp158_human,Homo sapiens,B,Inactive
96,4IAQ,5ht1b_human,Homo sapiens,A,Inactive
97,7EPA,grm2_human,Homo sapiens,A,Inactive
98,2R4S,adrb2_human,Homo sapiens,A,Inactive
99,3ZPR,adrb1_melga,Meleagris gallopavo,B,Inactive
100,2Z73,opsd_todpa,Todarodes pacificus,A,Inactive
101,7EPC,grm7_human,Homo sapiens,B,Inactive
102,2RH1,adrb2_human,Homo sapiens,A,Inactive
103,7EWL,gp158_human,Homo sapiens,A,Inactive
104,1U19,opsd_bovin,Bos taurus,A,Inactive
105,7M3F,casr_human,Homo sapiens,B,Active
106,1HZX,opsd_bovin,Bos taurus,A,Inactive
107,1L9H,opsd_bovin,Bos taurus,A,Inactive
108,2G87,opsd_bovin,Bos taurus,A,Inactive
109,2PED,opsd_bovin,Bos taurus,B,Inactive
110,2J4Y,opsd_bovin,Bos taurus,B,Inactive
111,2HPY,opsd_bovin,Bos taurus,B,Inactive
112,2I37,opsd_bovin,Bos taurus,A,Inactive
113,2I36,opsd_bovin,Bos taurus,A,Inactive
114,2ZIY,opsd_todpa,Todarodes pacificus,A,Inactive
115,3D4S,adrb2_human,Homo sapiens,A,Inactive
116,2VT4,adrb1_melga,Meleagris gallopavo,B,Inactive
117,3ODU,cxcr4_human,Homo sapiens,A,Inactive
118,2Y02,adrb1_melga,Meleagris gallopavo,B,Inactive
119,3NY8,adrb2_human,Homo sapiens,A,Inactive
120,1F88,opsd_bovin,Bos taurus,A,Inactive
121,3CAP,opsd_bovin,Bos taurus,A,Active
122,7VV3,mrgx2_human,Homo sapiens,R,Active
123,5K2B,aa2ar_human,Homo sapiens,A,Inactive
124,3EML,aa2ar_human,Homo sapiens,A,Inactive
125,3PQR,opsd_bovin,Bos taurus,A,Active
126,3NY9,adrb2_human,Homo sapiens,A,Inactive
127,2Y04,adrb1_melga,Meleagris gallopavo,B,Inactive
128,3C9M,opsd_bovin,Bos taurus,A,Inactive
129,3OE0,cxcr4_human,Homo sapiens,A,Inactive
130,2Y03,adrb1_melga,Meleagris gallopavo,B,Inactive
131,3NYA,adrb2_human,Homo sapiens,A,Inactive
132,2Y00,adrb1_melga,Meleagris gallopavo,B,Inactive
133,7D7M,pe2r4_human,Homo sapiens,A,Active
134,7NA8,ghsr_human,Homo sapiens,R,Active
135,7VDM,mrgx2_human,Homo sapiens,R,Active
136,3KJ6,adrb2_human,Homo sapiens,A,Inactive
137,3OE6,cxcr4_human,Homo sapiens,A,Inactive
138,3OE9,cxcr4_human,Homo sapiens,A,Inactive
139,3OE8,cxcr4_human,Homo sapiens,A,Inactive
140,7VUI,gp139_human,Homo sapiens,R,Active
141,3QAK,aa2ar_human,Homo sapiens,A,Active
142,3P0G,adrb2_human,Homo sapiens,A,Active
143,3PDS,adrb2_human,Homo sapiens,A,Inactive
144,2X72,opsd_bovin,Bos taurus,A,Active
145,3OAX,opsd_bovin,Bos taurus,A,Inactive
146,3PXO,opsd_bovin,Bos taurus,A,Active
147,2YDO,aa2ar_human,Homo sapiens,A,Active
148,3PWH,aa2ar_human,Homo sapiens,A,Inactive
149,3V2W,s1pr1_human,Homo sapiens,A,Inactive
150,3REY,aa2ar_human,Homo sapiens,A,Inactive
151,3UON,acm2_human,Homo sapiens,A,Inactive
152,3UZC,aa2ar_human,Homo sapiens,A,Inactive
153,4A4M,opsd_bovin,Bos taurus,A,Active
154,4DJH,oprk_human,Homo sapiens,A,Inactive
155,3AYN,opsd_todpa,Todarodes pacificus,B,Inactive
156,3AYM,opsd_todpa,Todarodes pacificus,B,Inactive
157,2YCY,adrb1_melga,Meleagris gallopavo,A,Inactive
158,2YCX,adrb1_melga,Meleagris gallopavo,A,Inactive
159,2Y01,adrb1_melga,Meleagris gallopavo,A,Inactive
160,4DAJ,acm3_rat,Rattus norvegicus,A,Inactive
161,3VGA,aa2ar_human,Homo sapiens,A,Inactive
162,2YCW,adrb1_melga,Meleagris gallopavo,A,Inactive
163,3V2Y,s1pr1_human,Homo sapiens,A,Inactive
164,3RFM,aa2ar_human,Homo sapiens,A,Inactive
165,5U09,cnr1_human,Homo sapiens,A,Inactive
166,2YCZ,adrb1_melga,Meleagris gallopavo,B,Inactive
167,3UZA,aa2ar_human,Homo sapiens,A,Inactive
168,3RZE,hrh1_human,Homo sapiens,A,Inactive
169,7L0Q,ntr1_rat,Rattus norvegicus,C,Active
170,7CKY,drd1_human,Homo sapiens,R,Active
171,7JVR,drd2_human,Homo sapiens,R,Active
172,3SN6,adrb2_human,Homo sapiens,R,Active
173,4DKL,oprm_mouse,Mus musculus,A,Inactive
174,4EJ4,oprd_mouse,Mus musculus,A,Inactive
175,4GRV,ntr1_rat,Rattus norvegicus,A,Active
176,6S0L,aa2ar_human,Homo sapiens,A,Inactive
177,7CA3,gabr2_human,Homo sapiens,B,Active
178,4N6H,oprd_human,Homo sapiens,A,Inactive
179,3VW7,par1_human,Homo sapiens,A,Intermediate
180,6U1N,acm2_human,Homo sapiens,R,Active
181,6TPK,oxyr_human,Homo sapiens,A,Inactive
182,3PBL,drd3_human,Homo sapiens,A,Inactive
183,3C9L,opsd_bovin,Bos taurus,A,Inactive
184,4GPO,adrb1_melga,Meleagris gallopavo,B,Inactive
185,6LW5,fpr2_human,Homo sapiens,A,Active
186,4AMI,adrb1_melga,Meleagris gallopavo,A,Inactive
187,4AMJ,adrb1_melga,Meleagris gallopavo,B,Inactive
188,6LI1,gpr52_human,Homo sapiens,A,Inactive
189,7F1R,ccr5_human,Homo sapiens,R,Active
190,7CX4,pe2r2_human,Homo sapiens,R,Active
191,4EA3,oprx_human,Homo sapiens,A,Inactive
192,4GBR,adrb2_human,Homo sapiens,A,Inactive
193,7F54,mc4r_human,Homo sapiens,R,Active
194,2I35,opsd_bovin,Bos taurus,A,Inactive
195,7CFN,gpbar_human,Homo sapiens,R,Active
196,7EW1,s1pr5_human,Homo sapiens,A,Active
197,7E32,5ht1d_human,Homo sapiens,R,Active
198,7S8O,mrgx2_human,Homo sapiens,R,Active
199,7JJO,adrb1_melga,Meleagris gallopavo,R,Active
200,7RMH,nk1r_human,Homo sapiens,R,Active
201,7MBY,cckar_human,Homo sapiens,R,Active
202,3VG9,aa2ar_human,Homo sapiens,A,Inactive
203,7FIG,lshr_human,Homo sapiens,R,Active
204,4MBS,ccr5_human,Homo sapiens,A,Inactive
205,6V9S,ox1r_human,Homo sapiens,A,Inactive
206,4EIY,aa2ar_human,Homo sapiens,A,Inactive
207,6I9K,b1b1u5_9arac,Hasarius adansoni,A,Inactive
208,6KO5,ghsr_human,Homo sapiens,A,Inactive
209,6KQI,cnr1_human,Homo sapiens,A,Inactive
210,2YDV,aa2ar_human,Homo sapiens,A,Active
211,3ZPQ,adrb1_melga,Meleagris gallopavo,B,Inactive
212,7DD7,casr_human,Homo sapiens,B,Active
213,6DRZ,5ht2b_human,Homo sapiens,A,Intermediate
214,7MTB,opsd_bovin,Bos taurus,R,Active
215,6LI0,gpr52_human,Homo sapiens,A,Inactive
216,7C4S,s1pr3_human,Homo sapiens,A,Active
217,7M3G,casr_human,Homo sapiens,A,Active
218,7EPF,grm2_human,Homo sapiens,A,Inactive
219,7V3Z,cnr1_human,Homo sapiens,A,Active
220,7F8Y,cckar_human,Homo sapiens,A,Inactive
221,6WGT,5ht2a_human,Homo sapiens,B,Inactive
222,7FD9,grm5_human,Homo sapiens,A,Inactive
223,6LPK,aa2ar_human,Homo sapiens,A,Inactive
224,4BEY,opsd_bovin,Bos taurus,A,Active
225,7EPB,grm2_human,Homo sapiens,B,Inactive
226,6KNM,apj_human,Homo sapiens,B,Inactive
227,7MT8,opsd_bovin,Bos taurus,R,Active
228,7S8L,mrgx2_human,Homo sapiens,R,Active
229,6LFM,cxcr2_human,Homo sapiens,R,Active
230,7VDH,mrgx2_human,Homo sapiens,R,Active
231,7CFM,gpbar_human,Homo sapiens,R,Active
232,4J4Q,opsd_bovin,Bos taurus,A,Active
233,4QIM,smo_human,Homo sapiens,A,Inactive
234,4Z35,lpar1_human,Homo sapiens,A,Inactive
235,6CM4,drd2_human,Homo sapiens,A,Inactive
236,4BUO,ntr1_rat,Rattus norvegicus,A,Inactive
237,6RNK,sucr1_rat,Rattus norvegicus,A,Intermediate
238,4NC3,5ht2b_human,Homo sapiens,A,Intermediate
239,7CUM,gabr2_human,Homo sapiens,B,Inactive
240,4ZJ8,ox1r_human,Homo sapiens,A,Inactive
241,4K5Y,crfr1_human,Homo sapiens,C,Inactive
242,4LDO,adrb2_human,Homo sapiens,A,Active
243,7BU6,adrb1_human,Homo sapiens,A,Active
244,4LDE,adrb2_human,Homo sapiens,A,Active
245,6JZH,aa2ar_human,Homo sapiens,A,Inactive
246,5WB2,q80km9_hcmv,Human cytomegalovirus,A,Active
247,7SHE,gp158_human,Homo sapiens,A,Inactive
248,6LPB,pacr_human,Homo sapiens,R,Active
249,6XBL,smo_human,Homo sapiens,R,Active
250,6PB1,crfr2_human,Homo sapiens,P,Active
251,6D32,q98sw5_xenla,Xenopus laevis,A,Active
252,6X19,glp1r_human,Homo sapiens,R,Active
253,6WW2,fzd5_human,Homo sapiens,R,Inactive
254,6K41,ada2b_human,Homo sapiens,R,Active
255,6O3C,smo_mouse,Mus musculus,A,Active
256,4MQS,acm2_human,Homo sapiens,A,Active
257,4WW3,opsd_todpa,Todarodes pacificus,A,Inactive
258,6FJ3,pth1r_human,Homo sapiens,A,Inactive
259,7DGD,grm1_human,Homo sapiens,A,Inactive
260,6VMS,drd2_human,Homo sapiens,R,Active
261,5UIW,ccr5_human,Homo sapiens,A,Inactive
262,6LMK,glr_human,Homo sapiens,R,Active
263,4BEZ,opsd_bovin,Bos taurus,A,Active
264,7F1T,ccr5_human,Homo sapiens,A,Inactive
265,7C2E,glp1r_human,Homo sapiens,R,Active
266,7M3J,casr_human,Homo sapiens,A,Inactive
267,6W2X,gabr2_human,Homo sapiens,B,Inactive
268,7F2O,bkrb2_human,Homo sapiens,R,Active
269,6OFJ,opsd_bovin,Bos taurus,A,Inactive
270,6W2Y,gabr1_human,Homo sapiens,B,Inactive
271,7MTA,opsd_bovin,Bos taurus,R,Active
272,6OIK,acm2_human,Homo sapiens,R,Active
273,6OYA,opsd_bovin,Bos taurus,R,Active
274,6LPJ,aa2ar_human,Homo sapiens,A,Inactive
275,6PGS,opsd_bovin,Bos taurus,A,Active
276,6J20,nk1r_human,Homo sapiens,A,Inactive
277,6UVA,calrl_human,Homo sapiens,R,Active
278,6IIU,ta2r_human,Homo sapiens,A,Intermediate
279,7CX3,pe2r2_human,Homo sapiens,R,Active
280,4JKV,smo_human,Homo sapiens,A,Inactive
281,6WH4,5ht2a_human,Homo sapiens,C,Inactive
282,5D6L,adrb2_human,Homo sapiens,A,Inactive
283,6QNO,opsd_bovin,Bos taurus,R,Active
284,6XBK,smo_human,Homo sapiens,R,Active
285,7S8P,mrgx4_human,Homo sapiens,R,Active
286,6XOX,glp1r_human,Homo sapiens,R,Active
287,7AUE,mc4r_human,Homo sapiens,R,Active
288,7VL9,ccr1_human,Homo sapiens,R,Active
289,6M1H,pacr_human,Homo sapiens,A,Active
290,6OSA,ntr1_human,Homo sapiens,R,Active
291,7BB6,v2r_human,Homo sapiens,A,Active
292,7UM5,5ht5a_human,Homo sapiens,A,Active
293,7RBT,gipr_human,Homo sapiens,R,Active
294,4BVN,adrb1_melga,Meleagris gallopavo,A,Inactive
295,4IAR,5ht1b_human,Homo sapiens,A,Inactive
296,4NTJ,p2y12_human,Homo sapiens,A,Intermediate
297,7VBH,glp1r_human,Homo sapiens,R,Active
298,4MQT,acm2_human,Homo sapiens,A,Active
299,7DW9,v2r_human,Homo sapiens,R,Active
300,7RG9,glp1r_human,Homo sapiens,R,Active
301,7VV0,mrgx2_human,Homo sapiens,R,Active
302,4L6R,glr_human,Homo sapiens,A,Inactive
303,6ZDR,aa2ar_human,Homo sapiens,A,Inactive
304,7WF7,s1pr1_human,Homo sapiens,A,Active
305,4O9R,smo_human,Homo sapiens,A,Inactive
306,7TYO,calcr_human,Homo sapiens,R,Active
307,7V9M,ghrhr_human,Homo sapiens,R,Active
308,6GDG,aa2ar_human,Homo sapiens,A,Active
309,7WU5,agrf1_human,Homo sapiens,R,Active
310,7XTC,5ht7r_human,Homo sapiens,R,Active
311,7TYL,calcr_human,Homo sapiens,R,Active
312,7WU2,agrd1_human,Homo sapiens,R,Active
313,7SF8,agrg1_human,Homo sapiens,A,Active
314,7TD3,s1pr1_human,Homo sapiens,R,Active
315,7F4I,mshr_human,Homo sapiens,R,Active
316,7WU3,agrf1_human,Homo sapiens,R,Active
317,7RKM,us28_hcmva,Human cytomegalovirus,R,Active
318,4N4W,smo_human,Homo sapiens,A,Inactive
319,7WVX,fpr2_human,Homo sapiens,R,Active
320,7VGZ,mtr1a_human,Homo sapiens,B,Active
321,6XBM,smo_human,Homo sapiens,R,Active
322,7BTS,adrb1_human,Homo sapiens,A,Active
323,7VUG,gp139_human,Homo sapiens,R,Active
324,7F58,mc4r_human,Homo sapiens,R,Active
325,7T6S,fpr2_human,Homo sapiens,R,Active
326,7EZC,aa2ar_human,Homo sapiens,B,Active
327,3DQB,opsd_bovin,Bos taurus,A,Active
328,7W2Z,ghsr_human,Homo sapiens,R,Active
329,7TYF,calcr_human,Homo sapiens,R,Active
330,7EW7,s1pr1_human,Homo sapiens,D,Active
331,7WC7,5ht2a_human,Homo sapiens,A,Inactive
332,7EZM,cckar_human,Homo sapiens,D,Active
333,7WIH,grm3_human,Homo sapiens,A,Inactive
334,7TUY,gp183_human,Homo sapiens,R,Intermediate
335,7SCG,oprm_mouse,Mus musculus,D,Active
336,7VDL,mrgx2_human,Homo sapiens,R,Active
337,7S3I,glp1r_human,Homo sapiens,R,Active
338,7V35,glr_human,Homo sapiens,R,Active
339,6WHA,5ht2a_human,Homo sapiens,A,Active
340,7D3S,sctr_human,Homo sapiens,R,Active
341,7EJ0,ada2a_human,Homo sapiens,R,Active
342,7E9G,grm2_human,Homo sapiens,R,Active
343,7TZF,calcr_human,Homo sapiens,R,Active
344,6OS9,ntr1_human,Homo sapiens,R,Active
345,7VBI,glp1r_human,Homo sapiens,R,Active
346,6OY9,opsd_bovin,Bos taurus,R,Active
347,7T10,ssr2_human,Homo sapiens,R,Active
348,7WVY,fpr2_human,Homo sapiens,R,Active
349,7EJK,ada2a_human,Homo sapiens,R,Active
350,7VH0,mtr1b_human,Homo sapiens,A,Active
351,7FIY,gipr_human,Homo sapiens,R,Active
352,7TYX,calcr_human,Homo sapiens,R,Active
353,4BV0,ntr1_rat,Rattus norvegicus,A,Inactive
354,4IB4,5ht2b_human,Homo sapiens,A,Intermediate
355,5GLI,ednrb_human,Homo sapiens,A,Inactive
356,5IU8,aa2ar_human,Homo sapiens,A,Inactive
357,5JQH,adrb2_human,Homo sapiens,A,Inactive
358,4QKX,adrb2_human,Homo sapiens,A,Active
359,4X1H,opsd_bovin,Bos taurus,A,Active
360,4Z34,lpar1_human,Homo sapiens,A,Inactive
361,4PXF,opsd_bovin,Bos taurus,A,Active
362,5UVI,aa2ar_human,Homo sapiens,A,Inactive
363,7EO2,s1pr1_human,Homo sapiens,A,Active
364,5IU7,aa2ar_human,Homo sapiens,A,Inactive
365,4Z36,lpar1_human,Homo sapiens,A,Inactive
366,4U14,acm3_rat,Rattus norvegicus,A,Inactive
367,5G53,aa2ar_human,Homo sapiens,A,Active
368,5IUA,aa2ar_human,Homo sapiens,A,Inactive
369,5DHH,oprx_human,Homo sapiens,A,Inactive
370,4XEE,ntr1_rat,Rattus norvegicus,A,Active
371,4XNW,p2ry1_human,Homo sapiens,A,Intermediate
372,4YAY,agtr1_human,Homo sapiens,A,Inactive
373,4ZUD,agtr1_human,Homo sapiens,A,Inactive
374,5DGY,opsd_human,Homo sapiens,A,Active
375,4RWD,oprd_human,Homo sapiens,A,Inactive
376,5DSG,acm4_human,Homo sapiens,B,Inactive
377,6K1Q,ednrb_human,Homo sapiens,A,Inactive
378,5L7I,smo_human,Homo sapiens,B,Inactive
379,7VLA,ccr1_human,Homo sapiens,R,Active
380,5K2D,aa2ar_human,Homo sapiens,A,Inactive
381,5EN0,opsd_bovin,Bos taurus,A,Active
382,5IUB,aa2ar_human,Homo sapiens,A,Inactive
383,4QIN,smo_human,Homo sapiens,A,Inactive
384,5IU4,aa2ar_human,Homo sapiens,A,Inactive
385,5TVN,5ht2b_human,Homo sapiens,A,Intermediate
386,4PXZ,p2y12_human,Homo sapiens,A,Intermediate
387,5DHG,oprx_human,Homo sapiens,A,Inactive
388,4OO9,grm5_human,Homo sapiens,A,Inactive
389,5NDZ,par2_human,Homo sapiens,A,Intermediate
390,4ZJC,ox1r_human,Homo sapiens,A,Inactive
391,5CXV,acm1_human,Homo sapiens,A,Inactive
392,4S0V,ox2r_human,Homo sapiens,A,Inactive
393,4PHU,ffar1_human,Homo sapiens,A,Intermediate
394,5CGC,grm5_human,Homo sapiens,A,Inactive
395,5L7D,smo_human,Homo sapiens,B,Inactive
396,7RKF,us28_hcmva,Human cytomegalovirus,R,Active
397,4UG2,aa2ar_human,Homo sapiens,A,Active
398,7F4F,mshr_human,Homo sapiens,R,Active
399,5F8U,adrb1_melga,Meleagris gallopavo,A,Inactive
400,4XT1,us28_hcmva,Human cytomegalovirus,A,Active
401,4OR2,grm1_human,Homo sapiens,B,Inactive
402,4RWA,oprd_human,Homo sapiens,A,Inactive
403,5K2C,aa2ar_human,Homo sapiens,A,Inactive
404,4Z9G,crfr1_human,Homo sapiens,A,Inactive
405,5UNF,agtr2_human,Homo sapiens,A,Active
406,5D5B,adrb2_human,Homo sapiens,A,Inactive
407,7T6T,fpr1_human,Homo sapiens,R,Active
408,4RWS,cxcr4_human,Homo sapiens,A,Inactive
409,5EE7,glr_human,Homo sapiens,A,Inactive
410,5C1M,oprm_mouse,Mus musculus,A,Active
411,5DYS,opsd_bovin,Bos taurus,A,Active
412,5D5A,adrb2_human,Homo sapiens,A,Inactive
413,7WQ3,galr1_human,Homo sapiens,R,Active
414,5LWE,ccr9_human,Homo sapiens,B,Inactive
415,7EVZ,s1pr1_human,Homo sapiens,D,Active
416,6LPL,aa2ar_human,Homo sapiens,A,Inactive
417,7BR3,gnrhr_human,Homo sapiens,A,Inactive
418,6IBB,sucr1_rat,Rattus norvegicus,A,Intermediate
419,6ZIN,ntr1_rat,Rattus norvegicus,A,Inactive
420,7VUH,gp139_human,Homo sapiens,R,Active
421,7RKN,us28_hcmva,Human cytomegalovirus,R,Active
422,7VOD,5ht2a_human,Homo sapiens,A,Inactive
423,6PT2,oprd_human,Homo sapiens,A,Active
424,7WC6,5ht2a_human,Homo sapiens,A,Inactive
425,6KUW,ada2c_human,Homo sapiens,A,Inactive
426,7VKT,lt4r1_human,Homo sapiens,A,Active
427,6PS4,adrb2_human,Homo sapiens,A,Inactive
428,7F4D,mshr_human,Homo sapiens,R,Active
429,7CA5,gabr2_human,Homo sapiens,B,Intermediate
430,7JNI,agtr2_human,Homo sapiens,A,Active
431,7RYC,oxyr_human,Homo sapiens,O,Active
432,7WVU,fpr1_human,Homo sapiens,R,Active
433,7TD1,lpar1_human,Homo sapiens,R,Active
434,7T6B,s1pr2_human,Homo sapiens,R,Active
435,7WI6,grm3_human,Homo sapiens,A,Inactive
436,7B6W,ada1b_human,Homo sapiens,A,Inactive
437,7WQ4,galr2_human,Homo sapiens,R,Active
438,7VAB,gipr_human,Homo sapiens,R,Active
439,7WVV,fpr2_human,Homo sapiens,R,Active
440,7E2Y,5ht1a_human,Homo sapiens,R,Active
441,7VUY,mrgx2_human,Homo sapiens,R,Active
442,7S1M,glp1r_human,Homo sapiens,R,Active
443,7WI8,grm3_human,Homo sapiens,A,Inactive
444,6TP4,ox1r_human,Homo sapiens,A,Inactive
445,7BU7,adrb1_human,Homo sapiens,A,Active
446,7SIN,casr_human,Homo sapiens,A,Active
447,7EVY,s1pr1_human,Homo sapiens,D,Active
448,7F83,ghsr_human,Homo sapiens,A,Inactive
449,6TQ9,ox1r_human,Homo sapiens,B,Inactive
450,7EJ8,ada2a_human,Homo sapiens,R,Active
451,6TOT,ox1r_human,Homo sapiens,B,Inactive
452,6ZDV,aa2ar_human,Homo sapiens,A,Inactive
453,7VOE,5ht2a_human,Homo sapiens,A,Inactive
454,6TPJ,ox2r_human,Homo sapiens,A,Inactive
455,7WC8,5ht2a_human,Homo sapiens,A,Inactive
456,5VAI,g1sgd4_rabit,Oryctolagus cuniculus,R,Active
457,6KJV,glp1r_human,Homo sapiens,B,Inactive
458,7TYH,calcr_human,Homo sapiens,R,Active
459,7KNT,calrl_human,Homo sapiens,R,Inactive
460,7TYY,calcr_human,Homo sapiens,R,Active
461,7PX4,aa2ar_human,Homo sapiens,A,Inactive
462,7T6V,fpr2_human,Homo sapiens,R,Active
463,7TD4,s1pr1_human,Homo sapiens,R,Active
464,7PYR,aa2ar_human,Homo sapiens,A,Inactive
465,6QZH,ccr7_human,Homo sapiens,A,Inactive
466,6WQA,aa2ar_human,Homo sapiens,A,Inactive
467,6RZ9,cltr2_human,Homo sapiens,A,Intermediate
468,6RZ5,cltr1_human,Homo sapiens,B,Intermediate
469,6KPC,cnr2_human,Homo sapiens,A,Inactive
470,7VV4,mrgx2_human,Homo sapiens,R,Active
471,7TYN,calcr_human,Homo sapiens,R,Active
472,7RA3,gipr_human,Homo sapiens,R,Active
473,7WVW,fpr2_human,Homo sapiens,R,Active
474,7U2L,oprm_mouse,Mus musculus,D,Active
475,6Z4V,ntr1_rat,Rattus norvegicus,A,Intermediate
476,6YVR,ntr1_rat,Rattus norvegicus,B,Inactive
477,5JTB,aa2ar_human,Homo sapiens,A,Inactive
478,7DHR,adrb2_human,Homo sapiens,R,Active
479,5XEZ,glr_human,Homo sapiens,B,Inactive
480,6TPG,ox2r_human,Homo sapiens,A,Inactive
481,6NI3,adrb2_human,Homo sapiens,R,Active
482,7K15,lt4r1_human,Homo sapiens,A,Inactive
483,7LCJ,glp1r_human,Homo sapiens,R,Active
484,6TOD,ox1r_human,Homo sapiens,A,Inactive
485,5NX2,glp1r_human,Homo sapiens,A,Intermediate
486,5V56,smo_human,Homo sapiens,B,Inactive
487,7LLY,glp1r_human,Homo sapiens,R,Active
488,7VUZ,mrgx2_human,Homo sapiens,R,Active
489,7DTT,casr_human,Homo sapiens,A,Inactive
490,7WC9,5ht2a_human,Homo sapiens,A,Inactive
491,6P9Y,pacr_human,Homo sapiens,R,Active
492,7LLL,glp1r_human,Homo sapiens,R,Active
493,7WC5,5ht2a_human,Homo sapiens,A,Inactive
494,6OL9,acm5_human,Homo sapiens,A,Inactive
495,7F4H,mshr_human,Homo sapiens,R,Active
496,5UNH,agtr2_human,Homo sapiens,B,Active
497,7ARO,aa2ar_human,Homo sapiens,A,Inactive
498,5UIG,aa2ar_human,Homo sapiens,A,Inactive
499,7TUZ,gp183_human,Homo sapiens,R,Active
500,7DTU,casr_human,Homo sapiens,A,Inactive
501,5UZ7,calcr_human,Homo sapiens,R,Active
502,7L0P,ntr1_rat,Rattus norvegicus,C,Active
503,6RZ7,cltr2_human,Homo sapiens,A,Intermediate
504,7SIM,casr_human,Homo sapiens,A,Active
505,7T11,ssr2_human,Homo sapiens,R,Active
506,7LJC,drd1_human,Homo sapiens,R,Active
507,7DFL,hrh1_human,Homo sapiens,R,Active
508,7CKX,drd1_human,Homo sapiens,R,Active
509,6KK1,glp1r_human,Homo sapiens,B,Inactive
510,5XF1,glr_human,Homo sapiens,B,Inactive
511,5TZR,ffar1_human,Homo sapiens,A,Intermediate
512,7F8X,cckar_human,Homo sapiens,A,Inactive
513,5XR8,cnr1_human,Homo sapiens,A,Active
514,6TQ4,ox1r_human,Homo sapiens,B,Inactive
515,6PS1,adrb2_human,Homo sapiens,A,Inactive
516,6PS5,adrb2_human,Homo sapiens,A,Inactive
517,5TE5,opsd_bovin,Bos taurus,A,Inactive
518,7LCI,glp1r_human,Homo sapiens,R,Active
519,5XRA,cnr1_human,Homo sapiens,A,Active
520,7BVQ,adrb1_human,Homo sapiens,A,Inactive
521,7EW0,s1pr1_human,Homo sapiens,D,Active
522,7T6U,fpr2_human,Homo sapiens,R,Active
523,6B3J,glp1r_human,Homo sapiens,R,Active
524,7TYW,calcr_human,Homo sapiens,R,Active
525,7WU4,agrf1_human,Homo sapiens,R,Active
526,6ZA8,ntr1_rat,Rattus norvegicus,A,Intermediate
527,7D76,agrg3_human,Homo sapiens,R,Active
528,7FIN,gipr_human,Homo sapiens,R,Active
529,6AQF,aa2ar_human,Homo sapiens,A,Inactive
530,7DHI,adrb2_human,Homo sapiens,R,Active
531,7FIM,glp1r_human,Homo sapiens,R,Active
532,5NDD,par2_human,Homo sapiens,A,Intermediate
533,7JV5,drd1_human,Homo sapiens,R,Active
534,7UM4,5ht5a_human,Homo sapiens,A,Inactive
535,7TYI,calcr_human,Homo sapiens,R,Active
536,7VL8,ccr1_human,Homo sapiens,R,Active
537,6Z4S,ntr1_rat,Rattus norvegicus,A,Inactive
538,5V54,5ht1b_human,Homo sapiens,A,Inactive
539,6FK8,opsd_bovin,Bos taurus,A,Active
540,5WKT,opsd_bovin,Bos taurus,A,Active
541,5OLG,aa2ar_human,Homo sapiens,A,Inactive
542,6C1R,c5ar1_human,Homo sapiens,B,Inactive
543,6KUY,ada2a_human,Homo sapiens,A,Inactive
544,5XJM,agtr2_human,Homo sapiens,A,Active
545,5OM1,aa2ar_human,Homo sapiens,A,Inactive
546,6PS6,adrb2_human,Homo sapiens,A,Inactive
547,6G79,5ht1b_human,Homo sapiens,S,Active
548,5W0P,opsd_human,Homo sapiens,D,Active
549,5KW2,ffar1_human,Homo sapiens,A,Intermediate
550,6FKC,opsd_bovin,Bos taurus,A,Active
551,5OLO,aa2ar_human,Homo sapiens,A,Inactive
552,5MZJ,aa2ar_human,Homo sapiens,A,Inactive
553,6IQL,drd4_mouse,Mus musculus,A,Inactive
554,6FKA,opsd_bovin,Bos taurus,A,Active
555,5ZKP,ptafr_human,Homo sapiens,A,Other
556,5ZKQ,ptafr_human,Homo sapiens,B,Intermediate
557,5V57,smo_human,Homo sapiens,A,Inactive
558,6DDF,oprm_mouse,Mus musculus,R,Active
559,6FK7,opsd_bovin,Bos taurus,A,Active
560,5WIU,drd4_human,Homo sapiens,A,Inactive
561,5OLH,aa2ar_human,Homo sapiens,A,Inactive
562,5X7D,adrb2_human,Homo sapiens,A,Inactive
563,6D9H,aa1r_human,Homo sapiens,R,Active
564,6RZ8,cltr2_human,Homo sapiens,A,Intermediate
565,5VEX,glp1r_human,Homo sapiens,B,Inactive
566,5WB1,q80km9_hcmv,Human cytomegalovirus,A,Active
567,5TUD,5ht2b_human,Homo sapiens,D,Active
568,5UEN,aa1r_human,Homo sapiens,B,Inactive
569,5WF6,aa2ar_human,Homo sapiens,A,Active
570,6AKX,ccr5_human,Homo sapiens,B,Inactive
571,5ZKC,acm2_human,Homo sapiens,A,Inactive
572,6H7M,adrb1_melga,Meleagris gallopavo,A,Active
573,5NLX,aa2ar_human,Homo sapiens,A,Inactive
574,5ZBQ,npy1r_human,Homo sapiens,A,Inactive
575,6PS2,adrb2_human,Homo sapiens,A,Inactive
576,6MET,ccr5_human,Homo sapiens,B,Inactive
577,6B73,oprk_human,Homo sapiens,A,Active
578,5XSZ,q08bg4_danre,Danio rerio,A,Intermediate
579,5OLV,aa2ar_human,Homo sapiens,A,Inactive
580,5X33,q9wtk1_cavpo,Cavia porcellus,A,Inactive
581,6FKD,opsd_bovin,Bos taurus,A,Active
582,6FFH,grm5_human,Homo sapiens,A,Inactive
583,5ZBH,npy1r_human,Homo sapiens,A,Inactive
584,5O9H,c5ar1_human,Homo sapiens,A,Inactive
585,6PT3,oprd_human,Homo sapiens,A,Active
586,5N2R,aa2ar_human,Homo sapiens,A,Inactive
587,6DS0,5ht2b_human,Homo sapiens,A,Intermediate
588,6BQG,5ht2c_human,Homo sapiens,A,Active
589,5VRA,aa2ar_human,Homo sapiens,A,Inactive
590,5WF5,aa2ar_human,Homo sapiens,A,Active
591,5X93,ednrb_human,Homo sapiens,A,Inactive
592,5ZHP,acm3_rat,Rattus norvegicus,B,Inactive
593,6FKB,opsd_bovin,Bos taurus,A,Active
594,6C1Q,c5ar1_human,Homo sapiens,B,Inactive
595,5YQZ,glr_human,Homo sapiens,R,Inactive
596,5OLZ,aa2ar_human,Homo sapiens,A,Inactive
597,6BQH,5ht2c_human,Homo sapiens,A,Inactive
598,5WIV,drd4_human,Homo sapiens,A,Inactive
599,6CMO,opsd_human,Homo sapiens,R,Active
600,6P9X,crfr1_human,Homo sapiens,R,Active
601,6IIV,ta2r_human,Homo sapiens,A,Intermediate
602,7E2X,5ht1a_human,Homo sapiens,R,Active
603,6W25,mc4r_human,Homo sapiens,A,Intermediate
604,5ZKB,acm2_human,Homo sapiens,A,Inactive
605,6KK7,glp1r_human,Homo sapiens,B,Inactive
606,6PH7,opsd_bovin,Bos taurus,A,Active
607,6TQ6,ox1r_human,Homo sapiens,B,Inactive
608,7C6A,agtr2_human,Homo sapiens,A,Active
609,6TQ7,ox1r_human,Homo sapiens,A,Inactive
610,6Z8N,ntr1_rat,Rattus norvegicus,A,Intermediate
611,6TPN,ox2r_human,Homo sapiens,A,Inactive
612,6GPS,ccr2_human,Homo sapiens,A,Inactive
613,6OS0,agtr1_human,Homo sapiens,A,Active
614,7CKZ,drd1_human,Homo sapiens,R,Active
615,6IGL,ednrb_human,Homo sapiens,A,Inactive
616,7CMU,drd3_human,Homo sapiens,R,Active
617,6WIV,gabr2_human,Homo sapiens,B,Inactive
618,7JVP,drd1_human,Homo sapiens,R,Active
619,7C7Q,gabr2_human,Homo sapiens,B,Active
620,7L0R,ntr1_rat,Rattus norvegicus,C,Active
621,6UUS,calrl_human,Homo sapiens,R,Active
622,7L0S,ntr1_rat,Rattus norvegicus,C,Active
623,6AK3,pe2r3_human,Homo sapiens,B,Active
624,5YC8,acm2_human,Homo sapiens,A,Inactive
625,5YHL,pe2r4_human,Homo sapiens,A,Inactive
626,7DFP,drd2_human,Homo sapiens,A,Inactive
627,6H7L,adrb1_melga,Meleagris gallopavo,A,Active
628,6TOS,ox1r_human,Homo sapiens,B,Inactive
629,5ZK8,acm2_human,Homo sapiens,A,Inactive
630,7D77,agrg3_human,Homo sapiens,R,Active
631,6TP6,ox1r_human,Homo sapiens,B,Inactive
632,6KPF,cnr2_human,Homo sapiens,R,Active
633,7L1V,ox2r_human,Homo sapiens,R,Active
634,6LUQ,drd2_human,Homo sapiens,A,Inactive
635,7LCK,glp1r_human,Homo sapiens,R,Active
636,6IGK,ednrb_human,Homo sapiens,A,Inactive
637,6PWC,ntr1_human,Homo sapiens,R,Active
638,7DTW,casr_human,Homo sapiens,A,Inactive
639,7DDZ,npy2r_human,Homo sapiens,A,Inactive
640,6PS7,aa2ar_human,Homo sapiens,A,Inactive
641,6KUX,ada2a_human,Homo sapiens,A,Inactive
642,6WPW,glr_human,Homo sapiens,R,Active
643,6UP7,ntr1_human,Homo sapiens,R,Active
644,6ORV,glp1r_human,Homo sapiens,E,Active
645,6TP3,ox1r_human,Homo sapiens,A,Inactive
646,6UO8,gabr2_human,Homo sapiens,B,Active
647,6OBA,adrb2_human,Homo sapiens,A,Inactive
648,6S0Q,aa2ar_human,Homo sapiens,A,Inactive
649,7D68,glp2r_human,Homo sapiens,R,Active
650,7DTV,casr_human,Homo sapiens,A,Inactive
651,7L1U,ox2r_human,Homo sapiens,R,Active
652,6PS3,adrb2_human,Homo sapiens,A,Inactive
653,7CRH,drd1_human,Homo sapiens,R,Active
654,6Z66,ntr1_rat,Rattus norvegicus,A,Intermediate
655,6VJM,gabr2_human,Homo sapiens,B,Inactive
656,6PRZ,adrb2_human,Homo sapiens,A,Inactive
657,6PB0,crfr1_human,Homo sapiens,R,Active
658,7CMV,drd3_human,Homo sapiens,R,Active
659,7E2Z,5ht1a_human,Homo sapiens,R,Active
660,7AD3,ste2_yeast,Saccharomyces cerevisiae,A,Active
661,6Z4Q,ntr1_rat,Rattus norvegicus,A,Inactive
662,7KI0,glp1r_human,Homo sapiens,R,Active
663,7KI1,glp1r_human,Homo sapiens,R,Active
664,6LFL,cxcr2_human,Homo sapiens,A,Inactive
665,6N52,grm5_human,Homo sapiens,A,Inactive
666,7DB6,mtr1a_human,Homo sapiens,D,Active
667,6PEL,opsd_bovin,Bos taurus,A,Active
668,6IBL,adrb1_melga,Meleagris gallopavo,A,Active
669,6MEO,ccr5_human,Homo sapiens,B,Inactive
670,5ZTY,cnr2_human,Homo sapiens,A,Inactive
671,6LN2,glp1r_human,Homo sapiens,A,Inactive
672,7DD5,casr_human,Homo sapiens,A,Inactive
673,6MXT,adrb2_human,Homo sapiens,A,Active
674,7FIJ,lshr_human,Homo sapiens,R,Inactive
675,7M3E,casr_human,Homo sapiens,B,Inactive
676,7EW4,s1pr3_human,Homo sapiens,R,Active
677,6KPG,cnr1_human,Homo sapiens,R,Active
678,6X1A,glp1r_human,Homo sapiens,R,Active
679,7E9H,grm4_human,Homo sapiens,R,Active
680,6OS1,agtr1_human,Homo sapiens,A,Active
681,7EVW,fzd7_human,Homo sapiens,R,Active
682,7DUQ,glp1r_human,Homo sapiens,R,Active
683,5YWY,pe2r4_human,Homo sapiens,A,Inactive
684,7LD4,aa1r_human,Homo sapiens,R,Active
685,7S8M,mrgx2_human,Homo sapiens,R,Active
686,7F8V,gasr_human,Homo sapiens,R,Active
687,6WI9,sctr_human,Homo sapiens,R,Active
688,7F1S,ccr5_human,Homo sapiens,R,Active
689,6NBF,pth1r_human,Homo sapiens,R,Active
690,7F16,pth2r_human,Homo sapiens,R,Active
691,6HLP,nk1r_human,Homo sapiens,A,Inactive
692,7DUR,glp1r_human,Homo sapiens,R,Active
693,7E6U,casr_human,Homo sapiens,A,Inactive
694,6VCB,glp1r_human,Homo sapiens,R,Active
695,6N4B,cnr1_human,Homo sapiens,R,Active
696,7RM5,aa2ar_human,Homo sapiens,A,Inactive
697,6ZG9,acm1_human,Homo sapiens,A,Inactive
698,7PIU,mc4r_human,Homo sapiens,R,Active
699,7RTB,glp1r_human,Homo sapiens,R,Active
700,6KP6,acm4_human,Homo sapiens,A,Inactive
701,7FIH,lshr_human,Homo sapiens,R,Active
702,7DH5,adrb3_canlf,Canis lupus familiaris,R,Active
703,6LI2,gpr52_human,Homo sapiens,A,Inactive
704,6ZFZ,acm1_human,Homo sapiens,A,Inactive
705,6UUN,calrl_human,Homo sapiens,R,Active
706,7F9Z,ghsr_human,Homo sapiens,R,Active
707,7F8W,gasr_human,Homo sapiens,R,Active
708,7S8N,mrgx2_human,Homo sapiens,R,Active
709,7F55,mc4r_human,Homo sapiens,R,Active
710,7RMI,nk1r_human,Homo sapiens,R,Active
711,7DGE,grm1_human,Homo sapiens,A,Inactive
712,7EW2,s1pr3_human,Homo sapiens,R,Active
713,7MTQ,grm2_human,Homo sapiens,B,Inactive
714,7O7F,ccr5_human,Homo sapiens,C,Active
715,6AKY,ccr5_human,Homo sapiens,A,Inactive
716,7EB2,gabr2_human,Homo sapiens,D,Active
717,6ZG4,acm1_human,Homo sapiens,A,Inactive
718,7C7S,gabr2_human,Homo sapiens,B,Inactive
719,6VI4,oprk_human,Homo sapiens,B,Inactive
720,6E3Y,calrl_human,Homo sapiens,R,Active
721,7EZK,cckar_human,Homo sapiens,D,Active
722,6ME7,mtr1b_human,Homo sapiens,A,Inactive
723,5NM4,aa2ar_human,Homo sapiens,A,Inactive
724,6N51,grm5_human,Homo sapiens,B,Intermediate
725,4UHR,aa2ar_human,Homo sapiens,A,Active
726,7P2L,grm5_human,Homo sapiens,A,Inactive
727,4ZWJ,opsd_human,Homo sapiens,A,Active
728,7C61,5ht1b_human,Homo sapiens,A,Inactive
729,6NBH,pth1r_human,Homo sapiens,R,Active
730,6ME6,mtr1b_human,Homo sapiens,B,Inactive
731,6TO7,ox1r_human,Homo sapiens,A,Inactive
732,7EZH,cckar_human,Homo sapiens,D,Active
733,7E6T,casr_human,Homo sapiens,A,Inactive
734,6ME2,mtr1a_human,Homo sapiens,A,Inactive
735,6VN7,vipr1_human,Homo sapiens,R,Active
736,6NBI,pth1r_human,Homo sapiens,R,Active
737,7DD6,casr_human,Homo sapiens,B,Active
738,6WWZ,ccr6_human,Homo sapiens,R,Active
739,7PIV,mc4r_human,Homo sapiens,R,Active
740,6A93,5ht2a_human,Homo sapiens,A,Inactive
741,6K42,ada2b_human,Homo sapiens,R,Active
742,6E67,adrb2_human,Homo sapiens,B,Active
743,7NA7,ghsr_human,Homo sapiens,R,Active
744,6D26,pd2r2_human,Homo sapiens,A,Inactive
745,7E33,5ht1e_human,Homo sapiens,R,Active
746,6ME5,mtr1a_human,Homo sapiens,A,Inactive
747,6X18,glp1r_human,Homo sapiens,R,Active
748,6DRY,5ht2b_human,Homo sapiens,A,Intermediate
749,7F8U,cckar_human,Homo sapiens,A,Inactive
750,6PT0,cnr2_human,Homo sapiens,R,Active
751,6A94,5ht2a_human,Homo sapiens,A,Inactive
752,6OMM,fpr2_human,Homo sapiens,R,Active
753,7RMG,nk1r_human,Homo sapiens,R,Active
754,6ME4,mtr1a_human,Homo sapiens,A,Inactive
755,6OIJ,acm1_human,Homo sapiens,R,Active
756,6GT3,aa2ar_human,Homo sapiens,A,Inactive
757,7FII,lshr_human,Homo sapiens,R,Active
758,7EPD,grm2_human,Homo sapiens,A,Inactive
759,6MH8,aa2ar_human,Homo sapiens,A,Inactive
760,7FD8,grm5_human,Homo sapiens,A,Inactive
761,7JVQ,drd1_human,Homo sapiens,R,Active
762,6ME3,mtr1a_human,Homo sapiens,A,Inactive
763,6OT0,smo_human,Homo sapiens,R,Active
764,6UO9,gabr2_human,Homo sapiens,B,Inactive
765,7EPE,grm2_human,Homo sapiens,A,Inactive
766,7JHJ,q3ksp2_ebvg,Epstein-Barr virus,R,Active
767,6LRY,ednrb_human,Homo sapiens,A,Inactive
768,6OS2,agtr1_human,Homo sapiens,A,Active
769,7MTR,grm2_human,Homo sapiens,A,Active
770,5WQC,ox2r_human,Homo sapiens,A,Inactive
771,6N48,adrb2_human,Homo sapiens,A,Active
772,6ME8,mtr1b_human,Homo sapiens,B,Inactive
773,6DO1,agtr1_human,Homo sapiens,A,Active
774,6WZG,sctr_human,Homo sapiens,R,Active
775,7EIB,bkrb1_human,Homo sapiens,A,Active
776,6WJC,acm1_human,Homo sapiens,A,Inactive
777,7P00,nk1r_human,Homo sapiens,R,Active
778,7BB7,v2r_human,Homo sapiens,A,Active
779,7MBX,cckar_human,Homo sapiens,R,Active
780,7BZ2,adrb2_human,Homo sapiens,R,Active
781,7JOZ,drd1_human,Homo sapiens,R,Active
782,7F1Q,ccr5_human,Homo sapiens,R,Active
783,7MT9,opsd_bovin,Bos taurus,R,Active
784,7EWP,gp158_human,Homo sapiens,A,Inactive
785,5OM4,aa2ar_human,Homo sapiens,A,Inactive
786,6PS0,adrb2_human,Homo sapiens,A,Inactive
787,7SIL,casr_human,Homo sapiens,A,Active
788,6FUF,opsd_bovin,Bos taurus,A,Active
789,5MZP,aa2ar_human,Homo sapiens,A,Inactive
790,5K2A,aa2ar_human,Homo sapiens,A,Inactive
791,7VV5,mrgx2_human,Homo sapiens,R,Active
792,7VUJ,gp139_human,Homo sapiens,R,Active
