Seqren,Length,Candidate 1,Candidate 2,Candidate 3,Candidate 4,Candidate 5,Candidate 6,Candidate 7,Candidate 8,Candidate 9,Candidate 10,Candidate 11,Candidate 12,Candidate 13,Candidate 14,Candidate 15,Candidate 16
KRNKALKKIRKLQKRGLIQMTX,22,5DOW_B,5DOW_D,5DOW_F,5DOW_H,,,,,,,,,,,,
AEETCFDKYTGNTYRVGDTYERPKDSMIWDCTCIGAGRGRISCTIANRCHEGGQSYKIGDTWRRPHETGGYMLECVCLGNGKGEWTCKPI,90,2CG6_A,2CG7_A,,,,,,,,,,,,,,
ASMTDQQAEARAFLSEEMIAEFKAAFDMFDADGGGDISTKELGTVMRMLGQNPTKEELDAIIEEVDEDGSGTIDFEEFLVMMVRQMKEDA,90,1SKT_A,1TNQ_A,,,,,,,,,,,,,,
IDCGHVDSLVRPCLSYVQGGPGPSGQCCDGVKNLHNQARSQSDRQSACNCLKGIARGIHNLNEDNARSIPPKCGVNLPYTISLNIDCSRV,90,1CZ2_A,1GH1_A,,,,,,,,,,,,,,
LNCGQVDSKMKPCLTYVQGGPGPSGECCNGVRDLHNQAQSSGDRQTVCNCLKGIARGIHNLNLNNAASIPSKCNVNVPYTISPDIDCSRIY,91,1JTB_A,1LIP_A,,,,,,,,,,,,,,
MLQYRIIVDGRVQGVGFRYFVQMEADKRKLAGWVKNRDDGRVEILAEGPENALQSFVEAVKNGSPFSKVTDISVTESRSLEGHHRFSIVYS,91,2FHM_A,2HLT_A,,,,,,,,,,,,,,
ITCGQVNSAVGPCLTYARGGAGPSAACCSGVRSLKAAASTTADRRTACNCLKNAARGIKGLNAGNAASIPSKCGVSVPYTISASIDCSRVS,91,1BV2_A,1UVB_A,,,,,,,,,,,,,,
MSELEKAMVALIDVFHQYSGREGDKHKLKKSELKELINNELSHFLEEIKEQEVVDKVMETLDEDGDGECDFQEFMAFVSMVTTACHEFFEHE,92,1SYM_A,1SYM_B,1XYD_A,1XYD_B,,,,,,,,,,,,
GSELETAMETLINVFHAHSGKEGDKYKLSKKELKDLLQTELSSFLDVQKDADAVDKIMKELDENGDGEVDFQEFVVLVAALTVACNNFFWENS,93,1K2H_A,1K2H_B,1ZFS_A,1ZFS_B,,,,,,,,,,,,
DVSGTVCLSALPPEATDTLNLIASDGPFPYSQDGVVFQNRESVLPTQSYGYYHEYTVITPGARTRGTRRIITGEATQEDYYTGDHYATFSLIDQTC,96,1C54_A,1RGH_A,1RGH_B,,,,,,,,,,,,,
ATYKVTLVRPDGSETTIDVPEDEYILDVAEEQGLDLPFSCRAGACSTCAGKLLEGEVDQSDQSFLDDDQIEKGFVLTCVAYPRSDCKILTNQEEELY,97,1ROE_A,2CJO_A,,,,,,,,,,,,,,
PQFSLWKRPVVTAYIEGQPVEVLLDTGADDSIVAGIELGNNYSPKIVGGIGGFINTKEYKNVEIEVLNKKVRATIMTGDTPINIFGRNILTALGMSLNL,99,1HSH_A,1HSH_B,1HSH_C,1HSH_D,1HSI_A,1HSI_B,,,,,,,,,,
SDCYTELEKAVIVLVENFYKYVSKYSLVKNKISKSSFREMLQKELNHMLSDTGNRKAADKLIQNLDANHDGRISFDEYWTLIGGITGPIAKLIHEQEQQSSS,102,2L50_A,2L50_B,2L51_A,2L51_B,,,,,,,,,,,,
SITDILSAEDIAAALQECQDPDTFEPQKFFQTSGLSKMSASQVKDIFRFIDNDQSGYLDGDELKYFLQKFQSDARELTESETKSLMDAADNDGDGKIGADEFQEMVHS,108,1RRO_A,2NLN_A,,,,,,,,,,,,,,
SMTDLLSAEDIKKAIGAFTAADSFDHKKFFQMVGLKKKSADDVKKVFHILDKDKSGFIEEDELGSILKGFSSDARDLSAKETKTLMAAGDKDGDGKIGVEEFSTLVAES,109,1RTP_1,1RTP_2,1RTP_3,2JWW_A,,,,,,,,,,,,
MAGQAFRKFLPLFDRVLVERSAAETVTKGGIMLPEKSQGKVLQATVVAVGSGSKGKGGEIQPVSVKVGDKVLLPEYGGTKVVLDDKDYFLFRDGDILGKYVDKLAAALEHHHHH,114,4PJ1_1,4PJ1_2,4PJ1_O,4PJ1_P,4PJ1_Q,4PJ1_R,4PJ1_S,4PJ1_T,4PJ1_U,4PJ1_V,4PJ1_W,4PJ1_X,4PJ1_Y,4PJ1_Z,,
GSHMSKEPRDPDQLYSTLKSILQQVKSHQSAWPFMEPVKRTEAPGYYEVIRFPMDLKTMSERLKNRYYVSKKLFMADLQRVFTNCKEYNPPESEYYKCANILEKFFFSKIKEAGLIDK,118,1JM4_B,1WUM_A,,,,,,,,,,,,,,
GSSGSSGFLILLRKTLEQLQEKDTGNIFSEPVPLSEVPDYLDHIKKPMDFFTMKQNLEAYRYLNFDDFEEDFNLIVSNCLKYNAKDTIFYRAAVRLREQGGAVLRQARRQAEKMGSGPSSG,121,2D9E_A,2RS9_B,,,,,,,,,,,,,,
MQRGIVWVVDDDSSIRWVLERALAGAGLTCTTFENGNEVLAALASKTPDVLLSDIRMPGMDGLALLKQIKQRHPMLPVIIMTAHSDLDAAVSAYQQGAFDYLPKPFDIDEAVALVERAISHYQE,124,1KRX_A,1NTR_A,,,,,,,,,,,,,,
MAVADLALIPDVDIDSDGVFKYVLIRVHSAPRSGAPAAESKEIVRGYKWAEYHADIYDKVSGDMQKQGCDCECLGGGRISHQSQDKKIHVYGYSMAYGPAQHAISTEKIKAKYPDYEVTWANDGY,125,2AI6_A,2OZW_A,,,,,,,,,,,,,,
SFSGKYQLQSQENFEAFMKAIGLPEELIQKGKDIKGVSEIVQNGKHFKFTITAGSKVIQNEFTVGEECELETMTGEKVKTVVQLEGDNKLVTTFKNIKSVTELNGDIITNTMTLGDIVFKRISKRI,126,2L68_A,2LKK_A,,,,,,,,,,,,,,
AFTGKFEMESEKNYDEFMKLLGISSDVIEKARNFKIVTEVQQDGQDFTWSQHYSGGHTMTNKFTVGKESNIQTMGGKTFKATVQMEGGKLVVNFPNYHQTSEIVGDKLVEVSTIGGVTYERVSKRLA,127,1O1U_A,1O1V_A,,,,,,,,,,,,,,
MNFSGKYQVQSQENFEPFMKAMGLPEDLIQKGKDIKGVSEIVHEGKKVKLTITYGSKVIHNEFTLGEECELETMTGEKVKAVVKMEGDNKMVTTFKGIKSVTEFNGDTITNTMTLGDIVYKRVSKRI,127,2JU3_A,2JU8_A,,,,,,,,,,,,,,
AFTGKYEIESEKNYDEFMKRLALPSDAIDKARNLKIISEVKQDGQNFTWSQQYPGGHSITNTFTIGKECDIETIGGKKFKATVQMEGGKVVVNSPNYHHTAEIVDGKLVEVSTVGGVSYERVSKKLA,127,1EAL_A,1EIO_A,,,,,,,,,,,,,,
MKKLQIAVGIIRNENNEIFITRRAADAHMANKLEFPGGKIEMGETPEQAVVRELQEEVGITPQHFSLFEKLEYEFPDRHITLWFWLVERWEGEPWGKEGQPGEWMSLVGLNADDFPPANEPVIAKLKRL,129,1MUT_A,1PUN_A,,,,,,,,,,,,,,
SKIFSKCELARKLKSMGMDGFHGYSLANWVCMAEYESNFNTQAFNGRNSNGSSDYGIFQLNSKWWCKSNSHSSANACNIMCSKFLDDNIDDDIACAKRVVKDPNGMSAWVAWVKHCKGKDLSKYLASCNL,130,1EL1_A,1EL1_B,1I56_A,,,,,,,,,,,,,
AFDGTWKVDRNENYEKFMEKMGINVVKRKLGAHDNLKLTITQEGNKFTVKESSNFRNIDVVFELGVDFAYSLADGTELTGTWTMEGNKLVGKFKRVDNGKELIAVREISGNELIQTYTYEGVEAKRIFKKE,131,1AEL_A,1URE_A,,,,,,,,,,,,,,
YKKPKLLYCSNGGHFLRILPDGTVDGTRDRSDQHIQLQLSAESVGEVYIKSTETGQYLAMDTDGLLYGSQTPNEECLFLERLEENHYNTYISKKHAEKNWFVGLKKNGSCKRGPRTHYGQKAILFLPLPVSSD,133,2K43_A,2K8R_A,,,,,,,,,,,,,,
PVDFNGYWKMLSNENFEEYLRALDVNVALRKIANLLKPDKEIVQDGDHMIIRTLSTFRNYIMDFQVGKEFEEDLTGIDDRKCMTTVSWDGDKLQCVQKGEKEGRGWTQWIEGDELHLEMRAEGVTCKQVFKKVH,134,1MX7_A,1MX8_A,,,,,,,,,,,,,,
MAEALFKEIDVNGDGAVSYEEVKAFVSKKRAIKNEQLLQLIFKSIDADGNGEIDQNEFAKFYGSIQGQDLSDDKIGLKVLYKLMDVDGDGKLTKEEVTSFFKKHGIEKVAEQVMKADANGDGYITLEEFLEFSL,134,1JFJ_A,1JFK_A,,,,,,,,,,,,,,
MVKLMIIEGEVVSGLGEGRYFLSLPPYKEIFKKILGFEPYEGTLNLKLDREFDINKFKYIETEDFEFNGKRFFGVKVLPIKILIGNKKIDGAIVVPKKTYHSSEIIEIIAPMKLREQFNLKDGDVIKILIKGDKDE,136,2P3M_A,2VBT_A,,,,,,,,,,,,,,
MEKKTIVLGVIGSDCHAVGNKILDHSFTNAGFNVVNIGVLSSQEDFINAAIETKADLICVSSLYGQGEIDCKGLREKCDEAGLKGIKLFVGGNIVVGKQNWPDVEQRFKAMGFDRVYPPGTSPETTIADMKEVLGVE,137,1FMF_A,1ID8_A,,,,,,,,,,,,,,
FNKKADENKVKGEAFLTENKNKPGVVVLPSGLQYKVINSGNGVKPGKSDTVTVEYTGRLIDGTVFDSTEKTGKPATFQVSQVIPGWTEALQLMPAGSTWEIYVPSGLAYGPRSVGGPIGPNETLIFKIHLISVKKSS,137,2UZ5_A,2VCD_A,,,,,,,,,,,,,,
AGWNAYIDNLMADGTCQDAAIVGYKDSPSVWAAVPGKTFVNITPAEVGVLVGKDRSSFYVNGLTLGGQKCSVIRDSLLQDGEFSMDLRTKSTGGAPTFNVTVTKTDKTLVLLMGKEGVHGGLINKKCYEMASHLRRSQY,139,1FIL_A,1PFL_A,,,,,,,,,,,,,,
GSQEVRRGDFVRNWQLVAAVPLFQKLGPAVLVEIVRALRARTVPAGAVICRIGEPGDRMFFVVEGSVSVATPNPVELGPGAFFGEMALISGEPRSATVSAATTVSLLSLHSADFQMLCSSSPEIAEIFRKTALERRGAAASA,142,2K0G_A,2KXL_A,,,,,,,,,,,,,,
MALKRIHKELNDLARDPPAQCSAGPVGDDMFHWQATIMGPNDSPYQGGVFFLTIHFPTDYPFKPPKVAFTTRIYHPNINSNGSICLDILRSQWSPALTISKVLLSICSLLCDPNPDDPLVPEIARIYKTDREKYNRIAREWTQKYAM,147,1UR6_A,1W4U_A,,,,,,,,,,,,,,
MDDRTEYDVYTDGSYVNGQYAWAYAFVKDGKVHYEDADVGKNPAAATMRNVAGEIAAALYAVKKASQLGVKIRILHDYAGIAFWATGEWKAKNEFTQAYAKLMNQYRGIYSFEKVKAHSGNEFNDYVDMKAKSALGIRDLEHHHHHH,147,2KQ2_A,2KW4_A,,,,,,,,,,,,,,
MQAKPQIPKDKSKVAGYIEIPDADIKEPVYPGPATPEQLNRGVSFAEENESLDDQNISIAGHTFIDRPNYQFTNLKAAKKGSMVYFKVGNETRKYKMTSIRDVKPTDVGVLDEQKGKDKQLTLITCDDYNEKTGVWEKRKIFVATEVK,148,1IJA_A,2KID_A,,,,,,,,,,,,,,
ADQLTEEQIAEFKEAFSLFDKDGDGTITTKELGTVMRSLGQNPTEAELQDMINEVDADGNGTIDFPEFLTMMARKMKDTDSEEEIREAFRVFDKDGNGYISAAELRHVMTNLGEKLTDEEVDEMIREANIDGDGQVNYEEFVQMMTAK,148,1DMO_A,3CLN_A,,,,,,,,,,,,,,
ATSTVTGGYAQSDAQGQMNKMGGFNLKYRYEEDNSPLGVIGSFTYTEKSRTASSGDYNKNQYYGITAGPAYRINDWASIYGVVGVGYGKFQTTEYPTYKNDTSDYGFSYGAGLQFNPMENVALDFSYEQSRIRSVDVGTWIAGVGYRF,148,1ORM_A,1QJ8_A,,,,,,,,,,,,,,
AYQLTEEQIAEFKEAFSLFDKDGDGTITTKELGTVMRSLGQNPTEAELQDMINEVDADGNGTIDFPEFLTMMARKMKDTDSEEEIREAFRVFDKDGNGYISAAELRHVMTNLGEKLTDEEVDEMIREADIDGDGQVNYEEFVQMMTAK,148,5DOW_A,5DOW_C,5DOW_E,5DOW_G,,,,,,,,,,,,
GPLGSMALRACGLIIFRRCLIPKVDNNAIEFLLLQASDGIHHWTPPKGHVEPGEDDLETALRATQEEAGIEAGQLTIIEGFKRELNYVARNKPKTVIYWLAEVKDYDVEIRLSHEHQAYRWLGLEEACQLAQFKEMKAALQEGHQFLCSIEAL,153,1XSA_A,1XSC_A,,,,,,,,,,,,,,
MTHDNKLQVEAIKRGTVIDHIPAQIGFKLLSLFKLTETDQRITIGLNLPSGEMGRKDLIKIENTFLSEDQVDQLALYAPQATVNRIDNYEVVGKSRPSLPERIDNVLVCPNSNCISHAEPVSSSFAVRKRANDIALKCKYCEKEFSHNVVLAN,153,1Q95_G,1Q95_H,1Q95_I,1Q95_J,1Q95_K,1Q95_L,1ZA1_B,1ZA1_D,,,,,,,,
MTGAVCPGSFDPVTLGHVDIFERAAAQFDEVVVAILVNPAKTGMFDLDERIAMVKESTTHLPNLRVQVGHGLVVDFVRSCGMTAIVKGLRTGTDFEYELQMAQMNKHIAGVDTFFVATAPRYSFVSSSLAKEVAMLGGDVSELLPEPVNRRLRDRLN,157,1TFU_A,3UC5_A,,,,,,,,,,,,,,
TVAYIAIGSNLASPLEQVNAALKALGDIPESHILTVSSFYRTPPLGPQDQPDYLNAAVALETSLAPEELLNHTQRIELQQGRVRKAERWGPRTLDLDIMLFGNEVINTERLTVPHYDMKNRGFMLWPLFEIAPELVFPDGEMLRQILHTRAFDKLNKW,158,1EQM_A,2F63_A,,,,,,,,,,,,,,
GPLGSMDSPPEGYRRNVGICLMNNDKKIFAASRLDIPDAWQMPQGGIDEGEDPRNAAIRELREETGVTSAEVIAEVPYWLTYDFPPKVREKLNIQWGSDWKGQAQKWFLFKFTGQDQEINLLGDGSEKPEFGEWSWVTPEQLIDLTVEFKKPVYKEVLSVFAPHL,165,1F3Y_A,1JKN_A,,,,,,,,,,,,,,
HGYVESPASRAYQCKLQLNTQCGSVQYEPQSVEGLKGFPQAGPADGHIASADKSTFFELDQQTPTRWNKLNLKTGPNSFTWKLTARHSTTSWRYFITKPNWDASQPLTRASFDLTPFCQFNDGGAIPAAQVTHQCNIPADRSGSHVILAVWDIADTANAFYQAIDVNLSK,170,2BEM_A,2BEM_B,2BEM_C,2LHS_A,,,,,,,,,,,,
SLLNVPAGKDLPEDIYVVIEIPANADPIKYEIDKESGALFVDRFMSTAMFYPCNYGYINHTLSLDGDPVDVLVPTPYPLQPGSVTRCRPVGVLKMTDEAGEDAKLVAVPHSKLSKEYDHIKDVNDLPELLKAQIAHFFEHYKDLEKGKWVKVEGWENAEAAKAEIVASFERAKNK,175,1IGP_A,2AU6_A,,,,,,,,,,,,,,
GSHMVERPPVVTIMGHVDHGKTTLLDAIRHSKVTEQEAGGITQHIGAYQVTVNDKKITFLDTPGHEAFTTMRARGAQVTDIVILVVAADDGVMPQTVEAINHAKAANVPIIVAINKMDKPEANPDRVMQELMEYNLVPEEWGGDTIFCKLSAKTKEGLDHLLEMILLVSEMEELKANP,178,2LKC_A,2LKD_A,,,,,,,,,,,,,,
GPNTEFALSLLRKNIMTITTSKGEFTGLGIHDRVCVIPTHAQPGDDVLVNGQKIRVKDKYKLVDPENINLELTVLTLDRNEKFRDIRGFISEDLEGVDATLVVHSNNFTNTILEVGPVTMAGLINLSSTPTNRMIRYDYATKTGQCGGVLCATGKIFGIHVGGNGRQGFSAQLKKQYFVEKQ,182,2B0F_A,2IN2_A,,,,,,,,,,,,,,
VGSLNCIVAVSQNMGIGKNGDLPWPPLRNEFRYFQRMTTTSSVEGKQNLVIMGKKTWFSIPEKNRPLKGRINLVLSRELKEPPQGAHFLSRSLDDALKLTEQPELANKVDMVWIVGGSSVYKEAMNHPGHLKLFVTRIMQDFESDTFFPEIDLEKYKLLPEYPGVLSDVQEEKGIKYKFEVYEKND,186,1PDB_A,1YHO_A,,,,,,,,,,,,,,
SRPIVISGPSGTGKSTLLKKLFAEYPDSFGFSVSSTTRTPRAGEVNGKDYNFVSVDEFKSMIKNNEFIEWAQFSGNYYGSTVASVKQVSKSGKTCILDIDMQGVKSVKAIPELNARFLFIAPPSVEDLKKRLEGRGTETEESINKRLSAAQAELAYAETGAHDKVIVNDDLDKAYKELKDFIFAEK,186,1EX6_A,1EX6_B,1EX7_A,,,,,,,,,,,,,
MERCGWVSQDPLYIAYHDNEWGVPETDSKKLFEMICLEGQQAGLSWITVLKKRENYRACFHQFDPVKVAAMQEEDVERLVQDAGIIRHRGKIQAIIGNARAYLQMEQNGEPFADFVWSFVNHQPQMTQATTLSEIPTSTPASDALSKALKKRGFKFVGTTICYSFMQACGLVNDHVVGCCCYPGNKP,187,1LMZ_A,1P7M_A,,,,,,,,,,,,,,
QNPMTVAHMWFDNQIHEADTTENQSGVSFDKTSATWFALSRIAGLCNRAVFQANQENLPILKRAVAGDASESALLKCIEVCCGSVMEMREKYTKIVEIPFNSTNKYQLSIHKNPNASEPKHLLVMKGAPERILDRCSSILLHGKEQPLDEELKDAFQNAYLELGGLGERVLGFCHLLLPDEQFPEGFQFDTDEVNFPVDNLCFVGLISMIDPP,213,1MO7_A,1MO8_A,,,,,,,,,,,,,,
DIQMTQSPSSLSASLGERVSLTCRASQEISGYLSWLQQKPDGTIKRLIYAASTLDSGVPKRFSGSRSGSDYSLTISSLESEDFADYYCLQYASYPRTFGGGTKVEIKRTVAAPSVFIFPPSDEQLKSGTASVVCLLNNFYPREAKVQWKVDNALQSGNSQESVTEQDSKDSTYSLSSTLTLSKADYEKHKVYACEVTHQGLSSPVTKSFNRGEC,214,1AJ7_L,2RCS_L,,,,,,,,,,,,,,
MRIILLGAPGAGKGTQAQFIMEKYGIPQISTGDMLRAAVKSGSELGKQAKDIMDAGKLVTDELVIALVKERIAQEDCRNGFLLDGFPRTIPQADAMKEAGINVDYVLEFDVPDELIVDRIVGRRVHAPSGRVYHVKFNPPKVEGKDDVTGEELTTRKDDQEETVRKRLVEYHQMTAPLIGYYSKEAEAGNTKYAKVDGTKPVAEVRADLEKILG,214,2ECK_A,2ECK_B,4AKE_A,4AKE_B,,,,,,,,,,,,
DDAAIQQTLAKMGIKSSDIQPAPVAGMKTVLTNSGVLYITDDGKHIIQGPMYDVSGTAPVNVTNKMLLKQLNALEKEMIVYKAPQEKHVITVFTDITCGYCHKLHEQMADYNALGITVRYLAFPRQGLDSDAEKEMKAIWCAKDKNKAFDDVMAGKSVAPASCDVDIADHYALGVQLGVSGTPAVVLSNGTLVPGYQPPKEMKEFLDEHQKMTSGK,216,1EEJ_A,1EEJ_B,1TJD_A,,,,,,,,,,,,,
QVQLQQSGAELVKPGASVKLSCTASGFNIKDTYMHWVKQRPEQGLEWIGRIDPANGNTKYDPKFQGKATITADTSSNTAYLQLSSLTSEDTAVYYCASYYGIYWGQGTTLTVSSASTKGPSVFPLAPSSKSTSGGTAALGCLVKDYFPEPVTVSWNSGALTSGVHTFPAVLQSSGLYSLSSVVTVPSSSLGTQTYICNVNHKPSNTKVDKKVEPKSC,217,1AJ7_H,2RCS_H,,,,,,,,,,,,,,
MSLRYIVALTGGIGSGKSTVANAFADLGINVIDADIIARQVVEPGAPALHAIADHFGANMIAADGTLQRRALRERIFANPEEKNWLNALLHPLIQQETQHQIQQATSPYVLWVVPLLVENSLYKKANRVLVVDVSPETQLKRTMQRDDVTREHVEQILAAQATREARLAVADDVIDNNGAPDAIASDVARLHAHYLQLASQFVSQEKPEGGSHHHHHH,218,1VHL_A,1VHL_B,1VHL_C,1VIY_A,1VIY_B,1VIY_C,,,,,,,,,,
MFKAVLFDLDGVITDTAEYHFRAWKALAEEIGINGVDRQFNEQLKGVSREDSLQKILDLADKKVSAEEFKELAKRKNDNYVKMIQDVSPADVYPGILQLLKDLRSNKIKIALASASKNGPFLLERMNLTGYFDAIADPAEVAASKPAPDIFIAAAHAVGVAPSESIGLEDSQAGIQAIKDSGALPIGVGRPEDLGDDIVIVPDTSHYTLEFLKEVWLQKQK,221,1O03_A,1ZOL_A,,,,,,,,,,,,,,
MEFFGESWKKHLSGEFGKPYFIKLMGFVAEERKHYTVYPPPHQVFTWTQMCDIKDVKVVILGQDPYHGPNQAHGLCFSVQRPVPPPPSLENIYKELSTDIEDFVHPGHGDLSGWAKQGVLLLNAVLTVRAHQANSHKERGWEQFTDAVVSWLNQNSNGLVFLLWGSYAQKKGSAIDRKRHHVLQTAHPSPLSVYRGFFGCRHFSKTNELLQKSGKKPIDWKEL,223,1AKZ_A,1SSP_E,,,,,,,,,,,,,,
ALPQTVRIGTDTTYAPFSSKDAKGEFIGFDIDLGNEMCKRMQVKCTWVASDFDALIPSLKAKKIDAIISSLSITDKRQQEIAFSDKLYAADSRLIAAKGSPIQPTLESLKGKHVGVLQGSTQEAYANDNWRTKGVDVVAYANQDLIYSDLTAGRLDAALQDEVAASEGFLKQPAGKEYAFAGPSVKDKKYFGDGTGVGLRKDDTELKAAFDKALTELRQDGTYDKMAKKYFDFNVYGD,238,1LAH_E,2LAO_A,,,,,,,,,,,,,,
MVIKAQSPAGFAEEYIIESIWNNRFPPGTILPAERELSELIGVTRTTLREVLQRLARDGWLTIQHGKPTKVNNFWETSGLNILETLARLDHESVPQLIDNLLSVRTNISTIFIRTAFRQHPDKAQEVLATANEVADHADAFAELDYNIFRGLAFASGNPIYGLILNGMKGLYTRIGRHYFANPEARSLALGFYHKLSALCSEGAHDQVYETVRRYGHESGEIWHRMQKNLPGDLAIQGR,239,1HW1_A,1HW1_B,,,,,,,,,,,,,,
MRQLLLISDLDNTWVGDQQALEHLQEYLGDRRGNFYLAYATGRSYHSARELQKQVGLMEPDYWLTAVGSEIYHPEGLDQHWADYLSEHWQRDILQAIADGFEALKPQSPLEQNPWKISYHLDPQACPTVIDQLTEMLKETGIPVQVIFSSGKDVDLLPQRSNKGNATQYLQQHLAMEPSQTLVCGDSGNDIGLFETSARGVIVRNAQPELLHWYDQWGDSRHYRAQSSHAGAILEAIAHFDFLS,244,1S2O_A,1TJ5_A,,,,,,,,,,,,,,
ARVGVLGAKGKVGATMVRAVAAADDLTLSAELDAGDPLSLLTDGNTEVVIDFTHPDVVMGNLEFLIDNGIHAVVGTTGFTAERFQQVESWLVAKPNTSVLIAPNFAIGAVLSMHFAKQAARFFDSAEVIELHHPHKADAPSGTAARTAKLIAEARKGLPPNPDATSTSLPGARGADVDGIPVHAVRLAGLVAHQEVLFGTEGETLTIRHDSLDRTSFVPGVLLAVRRIAERPGLTVGLEPLLDLH,245,1YL7_A,1YL7_B,1YL7_C,1YL7_D,1YL7_E,1YL7_F,1YL7_G,1YL7_H,,,,,,,,
AMARVGVLGAKGKVGATMVRAVAAADDLTLSAELDAGDPLSLLTDGNTEVVIDFTHPDVVMGNLEFLIDNGIHAVVGTTGFTAERFQQVESWLVAKPNTSVLIAPNFAIGAVLSMHFAKQAARFFDSAEVIELHHPHKADAPSGTAARTAKLIAEARKGLPPNPDATSTSLPGARGADVDGIPVHAVRLAGLVAHQEVLFGTEGETLTIRHDSLDRTSFVPGVLLAVRRIAERPGLTVGLEPLLDLH,247,1YL5_A,1YL5_B,,,,,,,,,,,,,,
GAHMGGSMSYQVLARKWRPQTFADVVGQEHVLTALANGLSLGRIHHAYLFSGTRGVGKTSIARLLAKGLNCETGITATPCGVCDNCREIEQGRFVDLIEIDAASRTKVEDTRDLLDNVQYAPARGRFKVYLIDEVHMLSRHSFNALLKTLEEPPEHVKFLLATTDPQKLPVTILSRCLQFHLKALDVEQIRHQLEHILNEEHIAHEPRALQLLARAAEGSLRDALSLTDQAIASGDGQVSTQAVSAMLGT,250,1NJF_A,1NJF_B,1NJF_C,1NJF_D,1NJG_A,1NJG_B,,,,,,,,,,
MKTVTVKNLIIGEGMPKIIVSLMGRDINSVKAEALAYREATFDILEWRVDHFMDIASTQSVLTAARVIRDAMPDIPLLFTFRSAKEGGEQTITTQHYLTLNRAAIDSGLVDMIDLELFTGDADVKATVDYAHAHNVYVVMSNHDFHQTPSAEEMVSRLRKMQALGADIPKIAVMPQSKHDVLTLLTATLEMQQHYADRPVITMSMAKEGVISRLAGEVFGSAATFGAVKQASAPGQIAVNDLRSVLMILHNA,252,1GQN_A,1QFE_A,1QFE_B,,,,,,,,,,,,,
MRHPVVMGNWKLNGSKEMVVDLLNGLNAELEGVTGVDVAVAPPALFVDLAERTLTEAGSAIILGAQNTDLNNSGAFTGDMSPAMLKEFGATHIIIGHSERREYHAESDEFVAKKFAFLKENGLTPVLCIGESDAQNEAGETMAVCARQLDAVINTQGVEALEGAIIAYEPIWAIGTGKAATAEDAQRIHAQIRAHIAEKSEAVAKNVVIQYGGSVKPENAAAYFAQPDIDGALVGGAALDAKSFAAIAKAAAEAKA,256,1AW1_A,1AW1_B,1AW1_D,1AW1_E,1AW1_G,1AW1_H,1AW1_J,1AW1_K,1AW2_A,1AW2_B,1AW2_D,1AW2_E,1AW2_G,1AW2_H,1AW2_J,1AW2_K
SHVEYSRITKFFQEQPLEGYTLFSHRSAPNGFKVAIVLSELGFHYNTIFLDFNLGEHRAPEFVSVNPNARVPALIDHGMDNLSIWESGAILLHLVNKYYKETGNPLLWSDDLADQSQINAWLFFQTSGHAPMIGQALHFRYFHSQKIASAVERYTDEVRRVYGVVEMALAERREALVMELDTENAAAYSAGTTPMSQSRFFDYPVWLVGDKLTIADLAFVPWNNVVDRIGINIKIEFPEVYKWTKHMMRRPAVIKALRGE,260,1K0B_A,1K0B_B,1K0B_C,1K0B_D,,,,,,,,,,,,
MRRLEEDAVRVAYAGLRRKEAFKALAEKLGFTPLLFPVQATEKVPVPEYRDQVRALAQGVDLFLATTGVGVRDLLEAGKALGLDLEGPLAKAFRLARGAKAARALKEAGLPPHAVGDGTSKSLLPLLPQGRGVAALQLYGKPLPLLENALAERGYRVLPLMPYRHLPDPEGILRLEEALLRGEVDALAFVAAIQVEFLFEGAKDPKALREALNTRVKALAVGRVTADALREWGVKPFYVDETERLGSLLQGFKRALQKEVA,261,1WCW_A,1WD7_A,1WD7_B,,,,,,,,,,,,,
MSHVEYSRITKFFQEQPLEGYTLFSHRSAPNGFKVAIVLSELGFHYNTIFLDFNLGEHRAPEFVSVNPNARVPALIDHGMDNLSIWESGAILLHLVNKYYKETGNPLLWSDDLADQSQINAWLFFQTSGHAPMIGQALHFRYFHSQKIASAVERYTDEVRRVYGVVEMALAERREALVMELDTENAAAYSAGTTPMSQSRFFDYPVWLVGDKLTIADLAFVPWNNVVDRIGINIKIEFPEVYKWTKHMMRRPAVIKALRGE,261,1G6W_A,1G6W_B,1G6W_C,1G6W_D,,,,,,,,,,,,
MRLIPLTTAEQVGKWAARHIVNRINAFKPTADRPFVLGLPTGGTPMTTYKALVEMHKAGQVSFKHVVTFNMDEYVGLPKEHPESYYSFMHRNFFDHVDIPAENINLLNGNAPDIDAECRQYEEKIRSYGKIHLFMGGVGNDGHIAFNEPASSLASRTRIKTLTHDTRVANSRFFDNDVNQVPKYALTVGVGTLLDAEEVMILVLGSQKALALQAAVEGCVNHMWTISCLQLHPKAIMVCDEPSTMELKVKTLRYFNELEAENIKGL,266,1FQO_A,1FQO_B,1FSF_A,,,,,,,,,,,,,
KDTIALVVSTLNNPFFVSLKDGAQKEADKLGYNLVVLDSQNNPAKELANVQDLTVRGTKILLINPTDSDAVGNAVKMANQANIPVITLDRQATKGEVVSHIASDNVLGGKIAGDYIAKKAGEGAKVIELQGIAGTSAARERGEGFQQAVAAHKFNVLASQPADFDRIKGLNVMQNLLTAHPDVQAVFAQNDEMALGALRALQTAGKSDVMVVGFDGTPDGEKAVNDGKLAATIAQLPDQIGAKGVETADKVLKGEKVQAKYPVDLKLVVKQ,271,1URP_A,1URP_B,1URP_C,1URP_D,2DRI_A,,,,,,,,,,,
ATLKDITRRLKSIKNIQKITKSMKMVAAAKYARAERELKPARVYGVGSLALYEKADIKTPEDKKKHLIIGVSSDRGLCGAIHSSVAKQMKSEAANLAAAGKEVKIIGVGDKIRSILHRTHSDQFLVTFKEVGRRPPTFGDASVIALELLNSGYEFDEGSIIFNRFRSVISYKTEEKPIFSLDTISSAESMSIYDDIDADVLRNYQEYSLANIIYYSLKESTTSEQSARMTAMDNASKNASEMIDKLTLTFNRTRQAVITKELIEIISGAAAL,272,1E1R_G,1W0J_G,,,,,,,,,,,,,,
MQFSKMHGLGNDFVVVDGVTQNVFFTPETIRRLANRHCGIGFDQLLIVEAPYDPELDFHYRIFNADGSEVSQCGNGARCFARFVTLKGLTNKKDISVSTQKGNMVLTVKDDNQIRVNMGEPIWEPAKIPFTANKFEKNYILRTDIQTVLCGAVSMGNPHCVVQVDDIQTANVEQLGPLLESHERFPERVNAGFMQIINKEHIKLRVYERGAGETQACGSGACAAVAVGIMQGLLNNNVQVDLPGGSLMIEWNGVGHPLYMTGEATHIYDGFITL,274,1GQZ_A,2GKE_A,,,,,,,,,,,,,,
MSERLSITPLGPYIGAQISGADLTRPLSDNQFEQLYHAVLRHQVVFLRDQAITPQQQRALAQRFGELHIHPVYPHAEGVDEIIVLDTHNDNPPDNDNWHTDVTFIETPPAGAILAAKELPSTGGDTLWTSGIAAYEALSVPFRQLLSGLRAEHDFRKSFPEYKYRKTEEEHQRWREAVAKNPPLLHPVVRTHPVSGKQALFVNEGFTTRIVDVSEKESEALLSFLFAHITKPEFQVRWRWQPNDIAIWDNRVTQHYANADYLPQRRIMHRATILGDKPFYRAG,283,1GY9_A,1GY9_B,1OTJ_A,1OTJ_B,1OTJ_C,1OTJ_D,,,,,,,,,,
AAEYAVVLKTLSNPFWVDMKKGIEDEAKTLGVSVDIFASPSEGDFQSQLQLFEDLSNKNYKGIAFAPLSSVNLVMPVARAWKKGIYLVNLDEKIDMDNLKKAGGNVEAFVTTDNVAVGAKGASFIIDKLGAEGGEVAIIEGKAGNASGEARRNGATEAFKKASQIKLVASQPADWDRIKALDVATNVLQRNPNIKAIYCANDTMAMGVAQAVANAGKTGKVLVVGTDGIPEARKMVEAGQMTATVAQNPADIGATGLKLMVDAEKSGKVIPLDKAPEFKLVDSILVTQ,288,1GUD_A,1GUD_B,1RPJ_A,,,,,,,,,,,,,
GAMAQNITARIGEPLVLKCKGAPKKPPQRLEWKLNTGRTEAWKVLSPQGGGPWDSVARVLPNGSLFLPAVGIQDEGIFRCQAMNRNGKETKSNYRVRVYQIPGKPEIVDSASELTAGVPNKVGTCVSEGSYPAGTLSWHLDGKPLVPNEKGVSVKEQTRRHPETGLFTLQSELMVTPARGGDPRPTFSCSFSPGLPRHRALRTAPIQPRVWEPVPLEEVQLVVEPEGGAVAPGGTVTLTCEVPAQPSPQIHWMKDGVPLPLPPSPVLILPEIGPQDQGTYSCVATHSSHGPQESRAVSISIIEP,304,4LP5_A,4LP5_B,4P2Y_A,,,,,,,,,,,,,
MQNAGSLVVLGSINADHILNLQSFPTPGETVTGNHYQVAFGGKGANQAVAAGRSGANIAFIACTGDDSIGESVRQQLATDNIDITPVSVIKGESTGVALIFVNGEGENVIGIHAGANAALSPALVEAQRERIANASALLMQLESPLESVMAAAKIAHQNKTIVALNPAPARELPDELLALVDIITPNETEAEKLTGIRVENDEDAAKAAQVLHEKGIRTVLITLGSRGVWASVNGEGQRVPGFRVQAVDTIAAGDTFNGALITALLEEKPLPEAIRFAHAAAAIAVTRKGAQPSVPWREEIDAFLDRQR,309,1GQT_A,1GQT_B,1GQT_C,1GQT_D,1RKA_A,,,,,,,,,,,
ANPLYQKHIISINDLSRDDLNLVLATAAKLKANPQPELLKHKVIASCFFEASTRTRLSFETSMHRLGASVVGFSDSANTSLGKKGETLADTISVISTYVDAIVMRHPQEGAARLATEFSGNVPVLNAGDGSNQHPTQTLLDLFTIQETQGRLDNLHVAMVGDLKYGRTVHSLTQALAKFDGNRFYFIAPDALAMPQYILDMLDEKGIAWSLHSSIEEVMAEVDILYMTRVQKERLDPSEYANVKAQFVLRASDLHNAKANMKVLHPLPRVDEIATDVDKTPHAWYFQQAGNGIFARQALLALVLNRDLVL,310,1Q95_A,1Q95_B,1Q95_C,1Q95_D,1Q95_E,1Q95_F,1ZA1_A,1ZA1_C,,,,,,,,
MIVVLKPGSTEEDIRKVVKLAESYNLKCHISKGQERTVIGIIGDDRYVVADKFESLDCVESVVRVLKPYKLVSREFHPEDTVIDLGDVKIGNGYFTIIAGPCSVEGREMLMETAHFLSELGVKVLRGGAYKPRTSPYSFQGLGEKGLEYLREAADKYGMYVVTEALGEDDLPKVAEYADIIQIGARNAQNFRLLSKAGSYNKPVLLKRGFMNTIEEFLLSAEYIANSGNTKIILCERGIRTFEKATRNTLDISAVPIIRKESHLPILVDPSHSGGRRDLVIPLSRAAIAVGAHGIIVEVHPEPEKALSDGKQSLDFELFKELVQEMKKLADALGVKVN,338,1RZM_A,1RZM_B,,,,,,,,,,,,,,
EDIKVAVVGAMSGPVAQYGDQEFTGAEQAVADINAKGGIKGNKLQIVKYDDACDPKQAVAVANKVVNDGIKYVIGHLCSSSTQPASDIYEDEGILMITPAATAPELTARGYQLILRTTGLDSDQGPTAAKYILEKVKPQRIAIVHDKQQYGEGLARAVQDGLKKGNANVVFFDGITAGEKDFSTLVARLKKENIDFVYYGGYHPEMGQILRQARAAGLKTQFMGPEGVANVSLSNIAGESAEGLLVTKPKNYDQVPANKPIVDAIKAKKQDPSGAFVWTTYAALQSLQAGLNQSDDPAEIAKYLKANSVDTVMGPLTWDEKGDLKGFEFGVFDWHANGTATDAK,344,1Z15_A,1Z17_A,,,,,,,,,,,,,,
MGSDKIHHHHHHMIVVLKPGSTEEDIRKVVKLAESYNLKCHISKGQERTVIGIIGDDRYVVADKFESLDCVESVVRVLKPYKLVSREFHPEDTVIDLGDVKIGNGYFTIIAGPCSVEGREMLMETAHFLSELGVKVLRGGAYKPRTSPYSFQGLGEKGLEYLREAADKYGMYVVTEALGEDDLPKVAEYADIIQIGARNAQNFRLLSKAGSYNKPVLLKRGFMNTIEEFLLSAEYIANSGNTKIILCERGIRTFEKATRNTLDISAVPIIRKESHLPILVDPSHSGGRRDLVIPLSRAAIAVGAHGIIVEVHPEPEKALSDGKQSLDFELFKELVQEMKKLADALGVKVN,350,1VR6_A,1VR6_B,1VR6_C,1VR6_D,,,,,,,,,,,,
MKIAIINMGNNVINFKTVPSSETIYLFKVISEMGLNVDIISLKNGVYTKSFDEVDVNDYDRLIVVNSSINFFGGKPNLAILSAQKFMAKYKSKIYYLFTDIRLPFSQSWPNVKNRPWAYLYTEEELLIKSPIKVISQGINLDIAKAAHKKVDNVIEFEYFPIEQYKIHMNDFQLSKPTKKTLDVIYGGSFRSGQRESKMVEFLFDTGLNIEFFGNAREKQFKNPKYPWTKAPVFTGKIPMNMVSEKNSQAIAALIIGDKNYNDNFITLRVWETMASDAVMLIDEEFDTKHRIINDARFYVNNRAELIDRVNELKHSDVLRKEMLSIQHDILNKTRAKKAEWQDAFKKAIDL,351,1JEJ_A,1JG6_A,,,,,,,,,,,,,,
MKQLTILGSTGSIGCSTLDVVRHNPEHFRVVALVAGKNVTRMVEQCLEFSPRYAVMDDEASAKLLKTMLQQQGSRTEVLSGQQAACDMAALEDVDQVMAAIVGAAGLLPTLAAIRAGKTILLANKESLVTCGRLFMDAVKQSKAQLLPVDSEHNAIFQSLPQPIQHNLGYADLEQNGVVSILLTGSGGPFRETPLRDLATMTPDQACRHPNWSMGRKISVDSATMMNKGLEYIEARWLFNASASQMEVLIHPQSVIHSMVRYQDGSVLAQLGEPDMRTPIAHTMAWPNRVNSGVKPLDFCKLSALTFAAPDYDRYPCLKLAMEAFEQGQAATTALNAANEITVAAFLAQQIRFTDIAALNLSVLEKMDMREPQCVDDVLSVDANAREVARKEVMRLAS,398,1K5H_A,1K5H_B,1K5H_C,,,,,,,,,,,,,
RDHRKIGKQLDLYHMQEEAPGMVFWHNDGWTIFRELEVFVRSKLKEYQYQEVKGPFMMDRVLWEKTGHWDNYKDAMFTTSSENREYCIKPMNCPGHVQIFNQGLKSYRDLPLRMAEFGSCHRNEPSGSLHGLMRVRGFTQDDAHIFCTEEQIRDEVNGCIRLVYDMYSTFGFEKIVVKLSTRPEKRIGSDEMWDRAEADLAVALEENNIPFEYQLGEGAFYGPKIEFTLYDCLDRAWQCGTVQLDFSLPSRLSASYVGEDNERKVPVMIHRAILGSMERFIGILTEEFAGFFPTWLAPVQVVIMNITDSQSEYVNELTQKLSNAGIRVKADLRNEKIGFKIREHTLRRVPYMLVCGDKEVESGKVAVRTRRGKDLGSMDVNEVIEKLQQEIRSRSLKQLEE,401,1EVK_A,1EVK_B,1EVL_A,1EVL_B,1EVL_C,1EVL_D,,,,,,,,,,
HHHHHHSGMKQLTILGSTGSIGCSTLDVVRHNPEHFRVVALVAGKNVTRMVEQCLEFSPRYAVMDDEASAKLLKTMLQQQGSRTEVLSGQQAACDMAALEDVDQVMAAIVGAAGLLPTLAAIRAGKTILLANKESLVTCGRLFMDAVKQSKAQLLPVDSEHNAIFQSLPQPIQHNLGYADLEQNGVVSILLTGSGGPFRETPLRDLATMTPDQACRHPNWSMGRKISVDSATMMNKGLEYIEARWLFNASASQMEVLIHPQSVIHSMVRYQDGSVLAQLGEPDMRTPIAHTMAWPNRVNSGVKPLDFCKLSALTFAAPDYDRYPCLKLAMEAFEQGQAATTALNAANEITVAAFLAQQIRFTDIAALNLSVLEKMDMREPQCVDDVLSVDANAREVARKEVMRLAS,406,1Q0Q_A,1Q0Q_B,,,,,,,,,,,,,,
SNNALQTIINARLPGEEGLWQIHLQDGKISAIDAQSGVMPITENSLDAEQGLVIPPFVEPHIHLDTTQTAGQPNWNQSGTLFEGIERWAERKALLTHDDVKQRAWQTLKWQIANGIQHVRTHVDVSDATLTALKAMLEVKQEVAPWIDLQIVAFPQEGILSYPNGEALLEEALRLGADVVGAIPHFEFTREYGVESLHKTFALAQKYDRLIDVHCDEIDDEQSRFVETVAALAHHEGMGARVTASHTTAMHSYNGAYTSRLFRLLKMSGINFVANPLVNIHLQGRFDTYPKRRGITRVKEMLESGINVCFGHDDVFDPWYPLGTANMLQVLHMGLHVCQLMGYGQINDGLNLITHHSARTLNLQDYGIAAGNSANLIILPAENGFDALRRQVPVRYSVRGGKVIASTQPAQTTVYLEQPEAIDYKR,426,1K6W_A,1K70_A,,,,,,,,,,,,,,
MKLKTNIRHLHGIIRVPGDKSISHRSIIFGSLAEGETKVYDILRGEDVLSTMQVFRDLGVEIEDKDGVITVQGVGMAGLKAPQNALNMGNSGTSIRLISGVLAGADFEVEMFGDDSLSKRPMDRVTLPLKKMGVSISGQTERDLPPLRLKGTKNLRPIHYELPIASAQVKSALMFAALQAKGESVIIEKEYTRNHTEDMLQQFGGHLSVDGKKITVQGPQKLTGQKVVVPGDISSAAFWLVAGLIAPNSRLVLQNVGINETRTGIIDVIRAMGGKLEITEIDPVAKSATLIVESSDLKGTEICGALIPRLIDELPIIALLATQAQGVTVIKDAEELKVKETDRIQVVADALNSMGADITPTADGMIIKGKSALHGARVNTFGDHRIGMMTAIAALLVADGEVELDRAEAINTSYPSFFDDLESLIHG,427,1RF4_A,1RF4_B,1RF4_C,1RF4_D,1RF5_A,1RF5_B,1RF5_C,1RF5_D,,,,,,,,
GNNVVVLGTQWGDEGKGKIVDLLTERAKYVVRYQGGHNAGHTLVINGEKTVLHLIPSGILRENVTSIIGNGVVLSPAALMKEMKELEDRGIPVRERLLLSEACPLILDYHVALDNAREKARGAKAIGTTGRGIGPAYEDKVARRGLRVGDLFDKETFAEKLKEVMEYHNFQLVNYYKAEAVDYQKVLDDTMAVADILTSMVVDVSDLLDQARQRGDFVMFEGAQGTLLDIDHGTYPYVTSSNTTAGGVATGSGLGPRYVDYVLGILKAYSTRVGAGPFPTELFDETGEFLCKQGNEFGATTGRRRRTGWLDTVAVRRAVQLNSLSGFCLTKLDVLDGLKEVKLCVAYRMPDGREVTTTPLAADDWKGVEPIYETMPGWSESTFGVKDRSGLPQAALNYIKRIEELTGVPIDIISTGPDRTETMILRDPFDA,431,1CG0_A,1HOO_A,1HOO_B,,,,,,,,,,,,,
MATKSVLMLGSGFVTRPTLDVLTDSGIKVTVACRTLESAKKLSAGVQHSTPISLDVNDDAALDAEVAKHDLVISLIPYTFHATVIKSAIRQKKHVVTTSYVSPAMMELDQAAKDAGITVMNEIGLDPGIDHLYAIKTIEEVHAAGGKIKTFLSYCGGLPAPESSDNPLGYKFSWSSRGVLLALRNAASFYKDGKVTNVAGPELMATAKPYFIYPGFAFVAYPNRDSTPYKERYQIPEADNIVRGTLRYQGFPQFIKVLVDIGFLSDEEQPFLKEAIPWKEATQKIVKASSASEQDIVSTIVSNATFESTEEQKRIVAGLKWLGIFSDKKITPRGNALDTLCATLEEKMQFEEGERDLVMLQHKFEIENKDGSRETRTSSLCEYGAPIGSGGYSAMAKLVGVPCAVAVKFVLDGTISDRGVLAPMNSKINDPLMKELKEKYGIECKEKVVA,450,1E5L_A,1E5L_B,1E5Q_A,1E5Q_B,1E5Q_C,1E5Q_D,1E5Q_E,1E5Q_F,1E5Q_G,1E5Q_H,,,,,,
AAQASPSPKAGATTGRIVAVIGAVVDVQFDEGLPPILNALEVQGRETRLVLEVAQHLGESTVRTIAMDGTEGLVRGQKVLDSGAPIRIPVGPETLGRIMNVIGEPIDERGPIKTKQFAAIHAEAPEFVEMSVEQEILVTGIKVVDLLAPYAKGGKIGLFGGAGVGKTVLIMELINNVAKAHGGYSVFAGVGERTREGNDLYHEMIESGVINLKDATSKVALVYGQMNEPPGARARVALTGLTVAEYFRDQEGQDVLLFIDNIFRFTQAGSEVSALLGRIPSAVGYQPTLATDMGTMQERITTTKKGSITSVQAIYVPADDLTDPAPATTFAHLDATTVLSRAIAELGIYPAVDPLDSTSRIMDPNIVGSEHYDVARGVQKILQDYKSLQDIIAILGMDELSEEDKLTVSRARKIQRFLSQPFQVAEVFTGHLGKLVPLKETIKGFQQILAGEYDHLPEQAFYMVGPIEEAVAKADKLAEEHS,482,1E1R_D,1E1R_E,1E1R_F,1W0J_D,1W0J_E,1W0J_F,,,,,,,,,,
REATWVTEKPLTLKIHMHFRDKWVWDENWPVAREVARLTNVKLVGVANRAATNSQEQFNLMMASGQLPDIVGGDNLKDKFIRYGMEGAFIPLNKLIDQNAPNLKAFFKTHPEVQRAITAPDGNIYYLPYVPDGLVSRGYFIRQDWLDKLHLKTPQTVDELYTVLKAFKEKDPNGNGKADEIPFINRDPEEVFRLVNFWGARSTGSNTWMDFYVENGKIKHPFAEVAFKDGIKHVAQWYKEGLIDPEIFTRKARSREQTFGNNIGGMTHDWFASTALFNDALSKNIPGFKLVPMAPPINSKGQRWEEDARQIPRPDGWAITATNKNPVETIKLFDFYFGPKGRELSNFGVPGLTYDIKNGKPVYKDTVLKAAQPVNNQMYDIGAQIPIGFWQDYEYERQWTNDVALQGIDMYIKNKYVLPQFTGVNLTVEEREIYDKYWPDVKTYMFEMGQSWVMGTKDPEKTWNDYQQQLKNRGFYQVMIVMQKAYDRQY,490,1Y3N_A,1Y3Q_A,,,,,,,,,,,,,,
QKTGTAEVSSILEERILGADTSVDLEETGRVLSIGDGIARVHGLRNVQAEEMVEFSSGLKGMSLNLEPDNVGVVVFGNDKLIKEGDIVKRTGAIVDVPVGEELLGRVVDALGNAIDGKGPIGSKARRRVGLKAPGIIPRISVREPMQTGIKAVDSLVPIGRGQRELIIGDRQTGKTSIAIDTIINQKRFNDGTDEKKKLYCIYVAIGQKRSTVAQLVKRLTDADAMKYTIVVSATASDAAPLQYLAPYSGCSMGEYFRDNGKHALIIYDDLSKQAVAYRQMSLLLRRPPGREAYPGDVFYLHSRLLERAAKMNDAFGGGSLTALPVIETQAGDVSAYIPTNVISITDGQIFLETELFYKGIRPAINVGLSVSRVGSAAQTRAMKQVAGTMKLELAQYREVAAFAQFGSDLDAATQQLLSRGVRLTELLKQGQYSPMAIEEQVAVIYAGVRGYLDKLEPSKITKFENAFLSHVISQHQALLGKIRTDGKISEESDAKLKEIVTNFLAGFEA,510,1E1R_A,1E1R_B,1E1R_C,1W0J_A,1W0J_B,1W0J_C,,,,,,,,,,
ADVPAGVQLADKQTLVRNNGSEVQSLDPHKIEGVPESNVSRDLFEGLLISDVEGHPSPGVAEKWENKDFKVWTFHLRENAKWSDGTPVTAHDFVYSWQRLADPNTASPYASYLQYGHIANIDDIIAGKKPATDLGVKALDDHTFEVTLSEPVPYFYKLLVHPSVSPVPKSAVEKFGDKWTQPANIVTNGAYKLKNWVVNERIVLERNPQYWDNAKTVINQVTYLPISSEVTDVNRYRSGEIDMTYNNMPIELFQKLKKEIPNEVRVDPYLCTYYYEINNQKAPFNDVRVRTALKLALDRDIIVNKVKNQGDLPAYSYTPPYTDGAKLVEPEWFKWSQQKRNEEAKKLLAEAGFTADKPLTFDLLYNTSDLHKKLAIAVASIWKKNLGVNVNLENQEWKTFLDTRHQGTFDVARAGWCADYNEPTSFLNTMLSDSSNNTAHYKSPAFDKLIADTLKVADDTQRSELYAKAEQQLDKDSAIVPVYYYVNARLVKPWVGGYTGKDPLDNIYVKNLYIIKH,517,1B6H_A,1RKM_A,,,,,,,,,,,,,,
MIAGQPIFILKEGTKRESGKDAMKENIEAAIAISNSVRSSLGPRGMDKMLVDSLGDIVITNDGVTILKEMDVEHPAAKMMVEVSKTQDSFVGDGTTTAVIIAGGLLQQAQGLINQNVHPTVISEGYRMASEEAKRVIDEISTKIGADEKALLLKMAQTSLNSKSASVAKDKLAEISYEAVKSVAELRDGKYYVDFDNIQVVKKQGGAIDDTQLINGIIVDKEKVHPGMPDVVKDAKIALLDAPLEIKKPEFDTNLRIEDPSMIQKFLAQEENMLREMVDKIKSVGANVVITQKGIDDMAQHYLSRAGIYAVRRVKKSDMDKLAKATGASIVSTIDEISSSDLGTAERVEQVKVGEDYMTFVTGCKNPKAVSILVRGETEHVVDEMERSITDSLHVVASALEDGAYAAGGGATAAEIAFRLRSYAQKIGGRQQLAIEKFADAIEEIPRALAENAGLDPIDILLKLRAEHAKGNKTYGINVFTGEIEDMVKNGVIEPIRVGKQAIESATEAAIMILRIDDVIATKSSSSSSNPPKSGSSSESSED,543,1A6D_B,1A6E_B,,,,,,,,,,,,,,
MMTGQVPILVLKEGTQREQGKNAQRNNIEAAKAIADAVRTTLGPKGMDKMLVDSIGDIIISNDGATILKEMDVEHPTAKMIVEVSKAQDTAVGDGTTTAVVLSGELLKQAETLLDQGVHPTVISNGYRLAVNEARKIIDEIAEKSTDDATLRKIALTALSGKNTGLSNDFLADLVVKAVNAVAEVRDGKTIVDTANIKVDKKNGGSVNDTQFISGIVIDKEKVHSKMPDVVKNAKIALIDSALEIKKTEIEAKVQISDPSKIQDFLNQETNTFKQMVEKIKKSGANVVLCQKGIDDVAQHYLAKEGIYAVRRVKKSDMEKLAKATGAKIVTDLDDLTPSVLGEAETVEERKIGDDRMTFVMGCKNPKAVSILIRGGTDHVVSEVERALNDAIRVVAITKEDGKFLWGGGAVEAELAMRLAKYANSVGGREQLAIEAFAKALEIIPRTLAENAGIDPINTLIKLKADDEKGRISVGVDLDNNGVGDMKAKGVVDPLRVKTHALESAVEVATMILRIDDVIASKKSTPPSGQGGQGQGMPGGGMPEY,545,1A6D_A,1A6E_A,,,,,,,,,,,,,,
SNAAKDVKFGADARALMLQGVDLLADAVAVTMGPKGRTVIIEQSWGSPKVTKDGVTVAKSIDLKDKYKNIGAKLVQDVANNTNEEAGDGTTTATVLARSIAKEGFEKISKGANPVEIRRGVMLAVDAVIAELKKQSKPVTTPEEIAQVATISANGDKEIGNIISDAMKKVGRKGVITVKDGKTLNDELEIIEGMKFDRGYISPYFINTSKGQKCEFQDAYVLLSEKKISSIQSIVPALEIANAHRKPLVIIAEDVDGEALSTLVLNRLKVGLQVVAVKAPGFGDNRKNQLKDMAIATGGAVFGEEGLTLNLEDVQPHDLGKVGEVIVTKDDAMLLKGKGDKAQIEKRIQEIIEQLDVTTSEYEKEKLNERLAKLSDGVAVLKVGGTSDVEVNEKKDRVTDALNATRAAVEEGIVLGGGCALLRCIPALDSLTPANEDQKIGIEIIKRTLKIPAMTIAKNAGVEGSLIVEKIMQSSSEVGYDAMAGDFVNMVEKGIIDPTKVVRTALLDAAGVASLLTTAEVVVTEIPKEEKDPGMGAMGGMGGGMGGGMF,550,7AZP_A,7AZP_B,7AZP_C,7AZP_D,7AZP_E,7AZP_F,7AZP_G,,,,,,,,,
MGSHHHHHHHHGSDYDIPTTENLYFQGSAKDVKFGADARALMLQGVDLLADAVAVTMGPKGRTVIIEQSWGSPKVTKDGVTVAKSIDLKDKYKNIGAKLVQDVANNTNEEAGDGTTTATVLARSIAKEGFEKISKGANPVEIRRGVMLAVDAVIAELKKQSKPVTTPEEIAQVATISANGDKEIGNIISDAMKKVGRKGVITVKDGKTLNDELEIIEGMKFDRGYISPYFINTSKGQKCEFQDAYVLLSEKKISSIQSIVPALEIANAHRKPLVIIAEDVDGEALSTLVLNRLKVGLQVVAVKAPGFGDNRKNQLKDMAIATGGAVFGEEGLTLNLEDVQPHDLGKVGKVIVTKDDAMLLKGKGDKAQIEKRIQEIIEQLDVTTSEYEKEKLNERLAKLSDGVAVLKVGGTSDVEVNEKKDRVTDALNATRAAVEEGIVLGGGCALLRCIPALDSLTPANEDQKIGIEIIKRTLKIPAMTIAKNAGVEGSLIVEKIMQSSSEVGYDAMAGDFVNMVEKGIIDPTKVVRTALLDAAGVASLLTTAEVVVTEIPKEEKDP,558,4PJ1_A,4PJ1_B,4PJ1_C,4PJ1_D,4PJ1_E,4PJ1_F,4PJ1_G,4PJ1_H,4PJ1_I,4PJ1_J,4PJ1_K,4PJ1_L,4PJ1_M,4PJ1_N,,
MRRTHYAGSLRETHVGEEVVLEGWVNRRRDLGGLIFLDLRDREGLVQLVAHPASPAYATAERVRPEWVVRAKGLVRLRPEPNPRLATGRVEVELSALEVLAEAKTPPFPVDAGWRGEEEKEASEELRLKYRYLDLRRRRMQENLRLRHRVIKAIWDFLDREGFVQVETPFLTKSTPEGARDFLVPYRHEPGLFYALPQSPQLFKQMLMVAGLDRYFQIARCFRDEDLRADRQPDFTQLDLEMSFVEVEDVLELNERLMAHVFREALGVELPLPFPRLSYEEAMERYGSDKPDLRFGLELKEVGPLFRQSGFRVFQEAESVKALALPKALSRKEVAELEEVAKRHKAQGLAWARVEEGGFSGGVAKFLEPVREALLQATEARPGDTLLFVAGPRKVAATALGAVRLRAADLLGLKREGFRFLWVVDFPLLEWDEEEEAWTYMHHPFTSPHPEDLPLLEKDPGRVRALAYDLVLNGVEVGGGSIRIHDPRLQARVFRLLGIGEEEQREKFGFFLEALEYGAPPHGGIAWGLDRLLALMTGSPSIREVIAFPKNKEGKDPLTGAPSPVPEEQLRELGLMVVRP,580,1G51_A,1G51_B,1L0W_A,1L0W_B,,,,,,,,,,,,
