Seqren,Length,Candidate 1,Candidate 2,Candidate 3,Candidate 4,Candidate 5,Candidate 6,Candidate 7,Candidate 8,Candidate 9,Candidate 10,Candidate 11,Candidate 12,Candidate 13,Candidate 14,Candidate 15,Candidate 16,Candidate 17,Candidate 18,Candidate 19,Candidate 20,Candidate 21,Candidate 22,Candidate 23,Candidate 24
GQRGVVGLPGQRGERGFPGLPGY,23,3EJH_E,3EJH_F,,,,,,,,,,,,,,,,,,,,,,
GGDEDDLSEEDLQFAERYLRSYYHPT,26,4FU4_C,4FU4_D,4G0D_W,4G0D_X,4G0D_Y,4G0D_Z,,,,,,,,,,,,,,,,,,
QILSIDPLDISQNLAAVNKSLSDALQHLAQSDTYLSAI,38,1SVF_B,1SVF_D,,,,,,,,,,,,,,,,,,,,,,
GSMGATAVSEWTEYKTADGKTFYYNNRTLESTWEKPQELK,40,2NNT_A,2NNT_B,2NNT_C,2NNT_D,,,,,,,,,,,,,,,,,,,,
DAEFRHDSGYEVHHQKLVFFAEDVGSNKGAIIGLMVGGVVIA,42,1IYT_A,2NAO_A,2NAO_B,2NAO_C,2NAO_D,2NAO_E,2NAO_F,,,,,,,,,,,,,,,,,
FYDPLVFPSDEFDASISQVNEKINQSLAFIRKSDELLHNVNAG,43,1G2C_B,1G2C_D,1G2C_F,1G2C_H,1G2C_J,1G2C_L,1G2C_N,1G2C_P,1G2C_R,1G2C_T,1G2C_V,1G2C_X,,,,,,,,,,,,
LHLEGEVNKIKSALLSTNKAVVSLSNGVSVLTSKVLDLKNYIDKQLLPIVNK,52,1G2C_A,1G2C_C,1G2C_E,1G2C_G,1G2C_I,1G2C_K,1G2C_M,1G2C_O,1G2C_Q,1G2C_S,1G2C_U,1G2C_W,,,,,,,,,,,,
TAAVALVKANENAAAILNLKNAIQKTNAAVADVVQATQSLGTAVQAVQDHINSVVSPAITAANY,64,1SVF_A,1SVF_C,,,,,,,,,,,,,,,,,,,,,,
PVFAKAIQKRVPCAYDKTALALEVGDIVKVTRMNINGQWEGEVNGRKGLFPFTHVKIFDPQNPDENE,67,2BZY_A,2BZY_B,,,,,,,,,,,,,,,,,,,,,,
VDMSNVVKTYDLQDGSKVHVFKDGKMGMENKFGKSMNMPEGKVMETRDGTKIIMKGNEIFRLDEALRKGHSEGG,74,2K0Q_A,2LEL_A,,,,,,,,,,,,,,,,,,,,,,
MVSTPELKKYMDKKILLNINGSRKVAGILRGYDIFLNVVLDDAMEINGEDPANNHQLGLQTVIRGNSIISLEALDAI,77,5LJ3_g,5LJ3_r,,,,,,,,,,,,,,,,,,,,,,
KNTANIAKERLQNIVAERRRSDAEPHYLPQLRKDILEVICKYVQIDPEMVTVQLEQKDGDISILELNVTLPEAEELK,77,3R9J_C,3R9J_D,,,,,,,,,,,,,,,,,,,,,,
MSESSDISAMQPVNPKPFLKGLVNHRVGVKLKFNSTEYRGTLVSTDNYFNLQLNEAEEFVAGVSHGTLGEIFIRCNNVLYIRELPN,86,5LJ3_f,5LJ3_q,,,,,,,,,,,,,,,,,,,,,,
QLTQKNKSADGLVFNVVTQDMINKSTKPYRGHRFTKENVRILESWFAKNIENPYLDTKGLENLMKNTSLSRIQIKNWVSNRRRKEKT,87,1MNM_C,1MNM_D,,,,,,,,,,,,,,,,,,,,,,
AMKNADNINKLKSSIESTNEAVVKLQETAEKTVYVLTALQDYGGSGGSGGKVDISSQISSMNQSLQQSKDYIKEAQKILDTVNHHHHHH,89,1WP8_A,1WP8_B,1WP8_C,,,,,,,,,,,,,,,,,,,,,
SLEEEEDGEELIGDGMERDYRAIPELDAYEAEGLALDDEDVEELTASQREAAERAMRQRDREAXXXXXXXXXXXXXXXXXXXXXXXXXXXXXX,93,5C3I_D,5C3I_H,5C3I_L,5C3I_P,5C3I_T,5C3I_X,,,,,,,,,,,,,,,,,,
DQCIVDDITYNVQDTFHKKHEEGHMLNCTCFGQGRGRWKCDPVDQCQDSETGTFYQIGDSWEKYVHGVRYQCYCYGRGIGEWHCQPLQTYPSS,93,3EJH_A,3EJH_B,,,,,,,,,,,,,,,,,,,,,,
VGSEVSDKRTCVSLTTQRLPVSRIKTYTITEGSLRCVIFITKRGLKVCCDPQATWVRDVVRSMDRKSNTRNNMIQTKPTGTQQSTNTAVTLTG,93,2N54_A,2N54_B,,,,,,,,,,,,,,,,,,,,,,
MSNKVKTKAMVPPINCIFNFLQQQTPVTIWLFEQIGIRIKGKIVGFDEFMNVVIDEAVEIPVNSADGKEDVEKGTPLGKILLKGDNITLITSAD,94,5LJ3_e,5LJ3_p,,,,,,,,,,,,,,,,,,,,,,
MSLIELLFGRKQKTATVARDRLQIIIAQERAQEGQTPDYLPTLRKALMEVLSKYVNVSLDNIRISQEKQDGMDVLELNITLPEQKKVLEHHHHHH,95,2KXO_A,2KXO_B,,,,,,,,,,,,,,,,,,,,,,
MDPKISEMHPALRLVDPQIQLAVTRMENAVGRDQNNVGPKVYPIILRLGSPLSLNMARKTLNSLEDKAFQLTPIAVQMTKLATTEELPDEFVVVTVK,97,6Z4U_A,6Z4U_B,7KDT_B,,,,,,,,,,,,,,,,,,,,,
IQRTPKIQVYSRHPAENGKSNFLNCYVSGFHPSDIEVDLLKNGERIEKVEHSDLSFSKDWSFYLLYYTEFTPTEKDEYACRVNHVTLSQPKIVKWDRDM,99,3M1B_B,3M1B_D,3M1B_F,3M1B_H,,,,,,,,,,,,,,,,,,,,
MSDIEEGTPTNNGQQKERRKIEIKFIENKTRRHVTFSKRKHGIMKKAFELSVLTGTQVLLLVVSETGLVYTFSTPKFEPIVTQQEGRNLIQACLNAPDDE,100,1MNM_A,1MNM_B,,,,,,,,,,,,,,,,,,,,,,
MIQRTPKIQVYSRHPAENGKSNFLNCYVSGFHPSDIEVDLLKNGERIEKVEHSDLSFSKDWSFYLLYYTEFTPTEKDEYACRVNHVTLSQPKIVKWDRDM,100,3LOW_A,3LOW_B,,,,,,,,,,,,,,,,,,,,,,
MTMNGIPVKLLNEAQGHIVSLELTTGATYRGKLVESEDSMNVQLRDVIATEPQGAVTHMDQIFVRGSQIKFIVVPDLLKNAPLFKKNSSRPMPPIRGPKRR,101,5LJ3_d,5LJ3_n,,,,,,,,,,,,,,,,,,,,,,
TSELRICRINKESGPCTGGEELYLLCDKVQKEDISVVFSTASWEGRADFSQADVHRQIAIVFKTPPYEDLEISEPVTVNVFLQRLTDGVCSEPLPFTYLPR,101,3JV6_A,3JV6_C,3JV6_E,,,,,,,,,,,,,,,,,,,,,
SGRGKGGKGLGKGGAKRHRKVLRDNIQGITKPAIRRLARRGGVKRISGLIYEETRGVLKVFLENVIRDAVTYTEHAKRKTVTAMDVVYALKRQGRTLYGFGG,102,3KUY_B,3KUY_F,,,,,,,,,,,,,,,,,,,,,,
MSGRGKGGKGLGKGGAKRHRKVLRDNIQGITKPAIRRLARRGGVKRISGLIYEETRGVLKVFLENVIRDAVTYTEHAKRKTVTAMDVVYALKRQGRTLYGFGG,103,5C3I_C,5C3I_G,5C3I_K,5C3I_O,5C3I_S,5C3I_W,,,,,,,,,,,,,,,,,,
ASNLKISRMDKTAGSVRGGDEVYLLCDKVQKDDIEVRFYEDDENGWQAFGDFSPTDVHKQYAIVFRTPPYHKMKIERPVTVFLQLKRKRGGDVSDSKQFTYYPVVED,107,3JV6_B,3JV6_D,3JV6_F,,,,,,,,,,,,,,,,,,,,,
MAPLRKTYVLKLYVAGNTPNSVRALKTLNNILEKEFKGVYALKVIDVLKNPQLAEEDKILATPTLAKVLPPPVRRIIGDLSNREKVLIGLDLLYEEIGDQAEDDLGLE,108,2QKE_A,2QKE_B,2QKE_C,2QKE_D,2QKE_E,2QKE_F,,,,,,,,,,,,,,,,,,
MSSQIIDRPKHELSRAELEELEEFEFKHGPMSLINDAMVTRTPVIISLRNNHKIIARVKAFDRHCNMVLENVKELWTEKKGKNVINRERFISKLFLRGDSVIVVLKTPVE,110,5LJ3_j,5LJ3_m,,,,,,,,,,,,,,,,,,,,,,
MKDRKILNEILSNTINELNLNDKKANIKIKIKPLKRKIASISLTNKTIYINKNILPYLSDEEIRFILAHELLHLKYGKYHINEFEEELLFLFPNKEAILINLINKLHQKK,110,4QHF_A,4QHH_A,,,,,,,,,,,,,,,,,,,,,,
MVELTPAAIQELERLQTHGVRRGQAAILRIQVQPSECGDWRYDLALVAEPKPTDLLTQSQGWTIAIAAEAAELLRGLRVDYIEDLMGGAFRFHNPNASQTCGCGMAFRVSRS,112,1X0G_A,1X0G_B,1X0G_C,1X0G_D,,,,,,,,,,,,,,,,,,,,
MYHHYHAFQGRKLTDQERARVLEFQDSIHYSPRYSDDNYEYRHVMLPKAMLKVIPSDYFNSEVGTLRILTEDEWRGLGITQSLGWEHYECHAAEPHILLFKRPLNYEAELRAATAAA,117,3QY2_A,3QY2_B,,,,,,,,,,,,,,,,,,,,,,
GGPGNEKLKEKENNDSSDKATVIPNFNTTMQGSLLGDDSRDYYSFEVKEEGEVNIELDKKDEFGVTWTLHPESNINDRITYGQVDGNKVSNKVKLRPGKYYLLVYKYSGSGNYELRVNK,119,1NQJ_A,1NQJ_B,,,,,,,,,,,,,,,,,,,,,,
SGRGKQGGKTRAKAKTRSSRAGLQFPVGRVHRLLRKGNYAERVGAGAPVYLAAVLEYLTAEILELAGNAARDNKKTRIIPRHLQLAVRNDEELNKLLGRVTIAQGGVLPNIQSVLLPKK,119,3KUY_C,3KUY_G,,,,,,,,,,,,,,,,,,,,,,
APLATRQGKRPSKNLKARCSRKALHVNFKDMGWDDWIIAPLEYEAFHCEGLCEFPLRSHLEPTNHAVIQTLMNSMDPESTPPTCCVPTRLSPISILFIDSANNVVYKQYEDMVVESCGCR,120,5HK5_A,5HK5_B,5HK5_C,5HK5_D,,,,,,,,,,,,,,,,,,,,
GSPGIPGNEKLKEKENNDSSDKATVIPNFNTTMQGSLLGDDSRDYYSFEVKEEGEVNIELDKKDEFGVTWTLHPESNINDRITYGQVDGNKVSNKVKLRPGKYYLLVYKYSGSGNYELRVNK,122,1NQD_A,1NQD_B,,,,,,,,,,,,,,,,,,,,,,
AITKINDCFELLSMVTYADKLKSLIKKEFSISFEEFAVLTYISENKEKEYYLKDIINHLNYKQPQVVKAVKILSQEDYFDKKRNEHDERTVLILVNAQQRKKIESLLSRVNKRITEANNEIEL,123,1FZP_B,1FZP_D,,,,,,,,,,,,,,,,,,,,,,
PEPAKSAPAPKKGSKKAVTKTQKKDGKKRRKTRKESYAIYVYKVLKQVHPDTGISSKAMSIMNSFVNDVFERIAGEASRLAHYNKRSTITSREIQTAVRLLLPGELAKHAVSEGTKAVTKYTSAK,125,3KUY_D,3KUY_H,,,,,,,,,,,,,,,,,,,,,,
GSHMAITKINDCFELLSMVTYADKLKSLIKKEFSISFEEFAVLTYISENKEKEYYLKDIINHLNYKQPQVVKAVKILSQEDYFDKKRNEHDERTVLILVNAQQRKKIESLLSRVNKRITEANNEIEL,127,2FRH_A,2FRH_B,,,,,,,,,,,,,,,,,,,,,,
MKQIEDKIEEILSKIYHIENEIARIKKLIGEADGLIEGLRQLANETTQALQLFLRATTELRTFSILNRKAIDFLLQRWGGTCHILGPDCRIEPHDWTKNITDKIDQIIHDFVDKTLPDQGDNDNWWTGWRQ,131,1EBO_A,1EBO_B,1EBO_C,1EBO_D,1EBO_E,1EBO_F,,,,,,,,,,,,,,,,,,
MAEALFKEIDVNGDGAVSYEEVKAFVSKKRAIKNEQLLQLIFKSIDADGNGEIDQNEFAKFYGSIQGQDLSDDKIGLKVLYKLMDVDGDGKLTKEEVTSFFKKHGIEKVAEQVMKADANGDGYITLEEFLEFSL,134,1JFK_A,2NXQ_A,2NXQ_B,,,,,,,,,,,,,,,,,,,,,
ARTKQTARKSTGGKAPRKQLATKAARKSAPATGGVKKPHRYRPGTVALREIRRYQKSTELLIRKLPFQRLVREIAQDFKTDLRFQSSAVMALQEASEAYLVALFEDTNLCAIHAKRVTIMPKDIQLARRIRGERA,135,3KUY_A,3KUY_E,,,,,,,,,,,,,,,,,,,,,,
MARTKQTARKSTGGKAPRKQLATKAARKSAPATGGVKKPHRYRPGTVALREIRRYQKSTELLIRKLPFQRLVREIAQDFKTDLRFQSSAVMALQEACEAYLVGLFEDTNLCAIHAKRVTIMPKDIQLARRIRGERA,136,5C3I_B,5C3I_F,5C3I_J,5C3I_N,5C3I_R,5C3I_V,,,,,,,,,,,,,,,,,,
SNAMKDFHFDAISAFENYEIEKMRDGHVVVTTKVVNSSLNYYGNAHGGYLFTLCDQISGLVVISLGLDGVTLQSSINYLKAGKLDDVLTIKGECVHQGRTTCVMDVDITNQEGRNVCKATFTMFVTGQRSEERRVRI,137,4ZRB_A,4ZRB_B,4ZRB_C,4ZRB_D,4ZRB_E,4ZRB_F,4ZRB_G,4ZRB_H,,,,,,,,,,,,,,,,
MGPSGNDGLEGVSYIPYKDIVGVWTVCHGHTGKDIMLGKTYTKAECKALLNKDLATVARQINPYIKVDIPETMRGALYSFVYNVGAGNFRTSTLLRKINQGDIKGACDQLRRWTYAGGKQWKGLMTRREIEREICLWGQQ,140,3HDF_A,3HDF_B,,,,,,,,,,,,,,,,,,,,,,
MDVFMKGLSKAKEGVVAAAEKTKQGVAEAAGKTKEGVLYVGSKTKEGVVHGVATVAEKTKEQVTNVGGAVVTGVTAVAQKTVEGAGSIAAATGFVKKDQLGKNEEGAPQEGILEDMPVDPDNEAYEMPSEEGYQDYEPEA,140,2KKW_A,2N0A_A,2N0A_B,2N0A_C,2N0A_D,2N0A_E,2N0A_F,2N0A_G,2N0A_H,2N0A_I,2N0A_J,,,,,,,,,,,,,
MKLVNFLKKLRNEQVTIELKNGTTVWGTLQSVSPQMNAILTDVKLTLPQPRLNKLNSNGIAMASLYLTGGQQPTASDNIASLQYINIRGNTIRQIILPDSLNLDSLLVDQKQLNSLRRSGQIANDPSKKRRRDFGAPANKRPRRGL,146,5LJ3_h,5LJ3_l,,,,,,,,,,,,,,,,,,,,,,
RKNRPAGAIPSPYKDGSSNNSERWHHQIKEVLASSQEALVVTERKYLKSDWCKTQPLRQTVSEEGCRSRTILNRFCYGQCNSFYIPRHVKKEEDSFQSCAFCKPQRVTSVIVELECPGLDPPFRIKKIQKVKHCRCMSVNLSDSDKQ,147,5HK5_E,5HK5_F,5HK5_G,5HK5_H,,,,,,,,,,,,,,,,,,,,
MRKNRPAGAIPSPYKDGSSNNSERWHHQIKEVLASSQEALVVTERKYLKSDWCKTQPLRQTVSEEGCRSRTILNRFCYGQCNSFYIPRHVKKEEDSFQSCAFCKPQRVTSVIVELECPGLDPPFRIKKIQKVKHCRCMSVNLSDSDKQ,148,4JPH_A,4JPH_B,4JPH_C,4JPH_D,,,,,,,,,,,,,,,,,,,,
GSAYRFNGIGVTQNVLYENQKQIANQFNKAISQIQESLTTTSTALGKLQDVVNQNAQALNTLVKQLSSNFGAISSVLNDILSRLDKVEAEVQIDRLITGGRGGSDVDLGDISGINASVVNIQKEIDRLNEVAKNLNESLIDLQELGKYE,149,1WYY_A,1WYY_B,,,,,,,,,,,,,,,,,,,,,,
MYHHYHAFQGRKLTDQERARVLEFQDSIHYSPRYSDDNYEYRHVMLPKAMLKVIPSDYFNSEVGTLRILTEDEWRGLGITQSLGWEHYECHAPEPHILLFKRPLNYEAELRAATAAAQQQQQQQQQQQQQQQQHQTQSISNDMQVPPQIS,150,1QB3_A,1QB3_B,1QB3_C,,,,,,,,,,,,,,,,,,,,,
ATKVVCVLKGDGPVQGIINFEQKESNGPVKVWGSIKGLTEGLHGFHVHEFGDNTAGCTSAGPHFNPLSRKHGGPKDEERHVGDLGNVTADKDGVADVSIEDSVISLSGDHCIIGRTLVVHEKADDLGKGGNEESTKTGNAGSRLACGVIGIAQ,153,1UXM_A,1UXM_B,1UXM_C,1UXM_D,1UXM_E,1UXM_F,1UXM_G,1UXM_H,1UXM_I,1UXM_J,1UXM_K,1UXM_L,,,,,,,,,,,,
MGSSHHHHHHGSGLVPRGSASMSDSEVNQEAKPEVKPEVKPETHINLKVSDGSSEIFFKIKKTTPLRRLMEAFAKRQGKEMDSLRFLYDGIRIQADQTPEDLDMEDNDIIEAHREQIGKCNTATCATQRLANFLVHSSNNFGAILSSTNVGSNTY,155,6VW2_A,6VW2_B,6VW2_C,6VW2_D,6VW2_E,6VW2_F,6VW2_G,6VW2_H,6VW2_I,6VW2_J,,,,,,,,,,,,,,
MQSWYLLYCKRGQLQRAQEHLERQAVNCLAPMITLEKIVRGKRTAVSEPLFPNYLFVEFDPEVIHTTTINATRGVSHFVRFGASPAIVPSAVIHQLSVYKPKDIVDPATPYPGDKVIITEGAFEGFQAIFTEPDGEARSMLLLNLINKEIKHSVKNTEFRKL,162,2OUG_A,2OUG_B,2OUG_C,2OUG_D,6C6S_D,,,,,,,,,,,,,,,,,,,
RTNQAGLELIGNAEGCRRDPYMCPAGVWTDGIGNTHGVTPGVRKTDQQIAADWEKNILIAERCINQHFRGKDMPDNAFSAMTSAAFNMGCNSLRTYYSKARGMRVETSIHKWAQKGEWVNMCNHLPDFVNSNGVPLRGLKIRREKERQLCLTGLVNEHHHHHH,163,1XJU_A,1XJU_B,,,,,,,,,,,,,,,,,,,,,,
APTIPQGQGKVTFNGTVVDAPCSISQKSADQSIDFGQLSKSFLEAGGVSKPMDLDIELVNCDITAFKGGNGAKKGTVKLAFTGPIVNGHSDELDTNGGTGTAIVVQGAGKNVVFDGSEGDANTLKDGENVLHYTAVVKKSSAVGAAVTEGAFSAVANFNLTYQ,163,5FLU_A,5FLU_B,5FLU_C,5FLU_D,5FLU_E,5FLU_F,5FLU_G,5FLU_H,5FLU_I,5FLU_J,5FLU_K,5FLU_L,5FLU_M,,,,,,,,,,,
APTIPQGQGKVTFNNTVVDAPCSISQKSADQSIDFGQLSKSFLEAGGVSKPMDLDIELVNCDITAFKGGNGAKKGTVKLAFTGPIVNGHSDELDTNGGTGTAIVVQGAGKNVVFDGSEGDANTLKDGENVLHYTAVVKKSSAVGAAVTEGAFSAVANFNLTYQ,163,2UY7_B,2UY7_D,2UY7_F,2UY7_H,,,,,,,,,,,,,,,,,,,,
MKGLVELGEKAPDFTLPNQDFEPVNLYEVLKRGRPAVLIFFPAAFSPVCTKELCTFRDKMAQLEKANAEVLAISVDSPWCLKKFKDENRLAFNLLSDYNREVIKLYNVYHEDLKGLKMVAKRAVFIVKPDGTVAYKWVTDNPLNEPDYDEVVREANKIAGELVA,164,4GQC_A,4GQC_B,4GQC_C,4GQC_D,,,,,,,,,,,,,,,,,,,,
MPPSLRKAVAAAIGGGAIAIASVLITGPSGNDGLEGVSYIPYKDIVGVWTVCHGHTGKDIMLGKTYTKAECKALLNKDLATVARQINPYIKVDIPETMRGALYSFVYNVGAGNFRTSTLLRKINQGDIKGACDQLRRWTYAGGKQWKGLMTRREIEREICLWGQQ,165,3HDE_A,3HDE_B,3HDE_C,3HDE_D,,,,,,,,,,,,,,,,,,,,
RIMKLDDERQTETYITQINPEGKEMYFASGLGNLYTIIGSDGTSGSPVNLLNAEVKILKTNSKNLTDSMDQNYDSPEFEDVTSQYSYTNDGSKITIDWKTNSISSTTSYVVLVKIPKQSGVLYSTVSDINQTYGSKYSYGHTNISGDSDANAEIKLLSLEHHHHHH,166,4RMB_A,4RMB_B,,,,,,,,,,,,,,,,,,,,,,
GLFGAIAGFIENGWEGMIDGWYGFRHQNSEGTGQAADLKSTQAAIDQINGKLNRVIEKTNEKFHQIEKEFSEVEGRIQDLEKYVEDTKIDLWSYNAELLVALENQHTIDLTGSEMNKLFEKTRRQLRENAEEMGNGCFKIYHKCDNACIESIRNGTYDHDVYRDEALNNRFQIKG,175,5HMG_B,5HMG_D,5HMG_F,,,,,,,,,,,,,,,,,,,,,
GLFGAIAGFIENGWEGMIDGWYGFRHQNSEGTGQAADLKSTQAAIDQINGKLNRVIEKTNEKFHQIEKEFSEVEGRIQDLEKYVEDTKIDLWSYNAELLVALENQHTIDLTDSEMNKLFEKTRRQLRENAEEMGNGCFKIYHKCDNACIESIRNGTYDHDVYRDEALNNRFQIKG,175,3ZTJ_B,3ZTJ_D,3ZTJ_F,,,,,,,,,,,,,,,,,,,,,
SADVAGAVIDGAGLGFDVLKTVLEALGNVKRKIAVGIDNESGKTWTAMNTYFRSGTSDIVLPHKVAHGKALLYNGQKNRGPVATGVVGVIAYSMSDGNTLAVLFSVPYDYNWYSNWWNVRVYKGQKRADQRMYEELYYHRSPFRGDNGWHSRGLGYGLKSRGFMNSSGHAILEIHVTKA,179,3ZWG_A,3ZWG_B,3ZWG_C,3ZWG_D,3ZWG_E,3ZWG_F,3ZWG_G,3ZWG_H,3ZWG_I,3ZWG_J,3ZWG_K,3ZWG_L,3ZWG_M,3ZWG_N,3ZWG_O,4TSY_A,4TSY_B,4TSY_C,4TSY_D,,,,,
GSHMFQCNVPLGMESGRIANEQISASSTYSDGRWTPQQSRLHGDDNGWTPNLDSNKEYLQVDLRFLTMLTAIATQGAISRETQNGYYVKSYKLEVSTNGEDWMVYRHGKNHKVFQANNDATEVVLNKLHAPLLTRFVRIRPQTWHSGIALRLELFGCRVTDAPCSNMLGMLSGLIADSQISASSTQE,187,4QDS_A,4QDS_B,,,,,,,,,,,,,,,,,,,,,,
MGSHHHHHHSNDPMAKVQVNNVVVLDNPSPFYNPFQFEITFECIEDLSEDLEWKIIYVGSAESEEYDQVLDSVLVGPVPAGRHMFVFQADAPNPGLIPDADAVGVTVVLITCTYRGQEFIRVGYYVNNEYTETELRENPPVKPDFSKLQRNILASNPRVTRFHINWEDNTEKLEDAESSNPNLQSLLS,188,5C3I_A,5C3I_E,5C3I_I,5C3I_M,5C3I_Q,5C3I_U,,,,,,,,,,,,,,,,,,
GLYVGGFVDVVSCPKLEQELYLDPDQVTDYLPVTEPLPITIEHLPETEVGWTLGLFQVSHGIFCTGAITSPAFLELASRLADTSHVARAPVKNLPKEPLLEILHTWLPGLSLSSIHPRELSQTPSGPVFQHVSLCALGRRRGTVAVYGHDAEWVVSRFSSVSKSERAHILQHVSSCRLEDLSTPNFVSPLETL,193,3NJQ_A,3NJQ_B,,,,,,,,,,,,,,,,,,,,,,
HMDGFKFANLEASVVAFEGSINKRKISQWREWIDEKLGGGSGGGGSYQPSIIIAGPQNSGKTSLLTLLTTDSVRPTVVSQEPLSAADYDGSGVTLVDFPGHVKLRYKLSDYLKTRAKFVKGLIFMVDSTVDPKKLTTTAEFLVDILSITESSCENGIDILIACNKSELFTARPPSKIKDALESEIQKVIERRK,193,2GED_A,2GED_B,,,,,,,,,,,,,,,,,,,,,,
NSSLDQIDLLSTKSFPPCMRQLHKALRENHHLRHGGRMQYGLFLKGIGLTLEQALQFWKQEFIKGKMDPDKFDKGYSYNIRHSFGKEGKRTDYTPFSCLKIILSNPPSQGDYHGCPFRHSDPELLKQKLQSYKISPGGISQILDLVKGTHYQVACQKYFEMIHNVDDCGFSLNHPNQFFCESQRILNGGKDIKKE,195,3L9Q_A,3L9Q_B,,,,,,,,,,,,,,,,,,,,,,
MSKIQVAHSSRLANLIDYKLRVLTQDGRVYIGQLMAFDKHMNLVLNECIEERVPKTQLDKLRPRKDSKDGTTLNIKVEKRVLGLTILRGEQILSTVVEDKPLLSKKERLVRDKKEKKQAQKQTKLRKEKEKKPGKIAKPNTANAKHTSSNSREIAQPSSSRYNGGNDNIGANRSRFNNEAPPQTRKFQPPPGFKRK,196,5LJ3_b,5LJ3_k,,,,,,,,,,,,,,,,,,,,,,
GMALQLSREQGITARGSAEIVAEFFSFGINSILYQRGIYPSETFTRVQKYGLTLLVTTDLELIKYLNNVVEQLKDWLYKSSVQKLVVVISNIESGEVLERWQFDIESDKTAKDDSAPREKSQKAIQDEIRSVIRQITATVTFLPLLEVSCSFDLLIYTDKDLVVPEKWEESGPQFITNSEEVRLRSFTTTIHKVNSMVAYKIPVND,206,2VFX_A,2VFX_B,2VFX_C,2VFX_D,2VFX_E,2VFX_F,2VFX_G,2VFX_H,2VFX_I,2VFX_J,2VFX_K,2VFX_L,,,,,,,,,,,,
MRGSHHHHHHGSITLRGSAEIVAEFFSFGINSILYQRGIYPSETFTRVQKYGLTLLVTTDLELIKYLNNVVEQLKDWLYKCSVQKLVVVISNIESGEVLERWQFDIECDKTAKDDSAPREKSQKAIQDEIRSVIRQITATVTFLPLLEVSCSFDLLIYTDKDLVVPEKWEESGPQFITNSEEVRLRSFTTTIHKVNSMVAYKIPVND,207,3GMH_A,3GMH_B,3GMH_C,3GMH_D,3GMH_E,3GMH_F,3GMH_G,3GMH_H,3GMH_I,3GMH_J,3GMH_K,3GMH_L,,,,,,,,,,,,
MKKRPKPGGWNTGGSRYPGQGSPGGNRYPPQGGGGWGQPHGGGWGQPHGGGWGQPHGGGWGQPHGGGWGQGGGTHSQWNKPSKPKTNMKHMAGAAAAGAVVGGLGGYMLGSAMSRPIIHFGSDYEDRYYRENMHRYPNQVYYRPMDEYSNQNNFVHDCVNITIKQHTVTTTTKGENFTETDVKMMERVVEQMCITQYERESQAYYQRGSS,210,6LNI_A,6LNI_B,6LNI_C,6LNI_D,6LNI_E,6LNI_F,6LNI_G,6LNI_H,6LNI_I,6LNI_J,,,,,,,,,,,,,,
AVSLDRTRAVFDGSEKSMTLDISNDNKQLPYLAQAWIENENQEKIITGPVIATPPVQRLEPGAKSMVRLSTTPDISKLPQDRESLFYFNLREIPPRSEKANVLQIALQTKIKLFYRPAAIKTRPNEVWQDQLILNKVSGGYRIENPTPYYVTVIGLGGSEKQAEEGEFETVMLSPRSEQTVKSANYNTPYLSYINDYGGRPVLSFICNGSRCSVKKEK,218,2UY7_A,2UY7_C,2UY7_E,2UY7_G,,,,,,,,,,,,,,,,,,,,
DIVMTQSPDSLAVSLGERATINCKSSQSVTFNYKNYLAWYQQKPGQPPKLLIYWASTRESGVPDRFSGSGSGTDFTLTISSLQAEDVAVYYCQQHYRTPPTFGQGTKVEIKRTVAAPSVFIFPPSDEQLKSGTASVVCLLNNFYPREAKVQWKVDNALQSGNSQESVTEQDSKDSTYSLSSTLTLSKADYEKHKVYACEVTHQGLSSPVTKSFNRGEC,218,3ZTJ_H,3ZTJ_J,3ZTJ_L,,,,,,,,,,,,,,,,,,,,,
MGDTKEQRILNHVLQHAEPGNAQSVLEAIDTYCEQKEWAMNVGDKKGKIVDAVIQEHQPSVLLELGAYCGYSAVRMARLLSPGARLITIEINPDCAAITQRMVDFAGVKDKVTLVVGASQDIIPQLKKKYDVDTLDMVFLDHWKDRYLPDTLLLEECGLLRKGTVLLADNVICPGAPDFLAHVRGSSCFECTHYQSFLEYREVVDGLEKAIYKGPGSEAGP,221,4PYI_A,4PYJ_A,,,,,,,,,,,,,,,,,,,,,,
QVQLVESGGGVVQPGRSLRLSCAASGFTFSTYAMHWVRQAPGKGLEWVAVISYDANYKYYADSVKGRFTISRDNSKNTLYLQMNSLRAEDTAVYYCAKDSQLRSLLYFEWLSQGYFDYWGQGTLVTVSSASTKGPSVFPLAPSSGGTAALGCLVKDYFPEPVTVSWNSGALTSGVHTFPAVLQSSGLYSLSSVVTVPSSSLGTQTYICNVNHKPSNTKVDKRVEPK,226,3ZTJ_G,3ZTJ_I,3ZTJ_K,,,,,,,,,,,,,,,,,,,,,
GAMAQLAAPLKVGAIYTIGPYLFPHLIPQLHRVAPQMPLYIEENFTHILRDKLRTGELDAIIIALPFQEADVLTKPLFDEPFYVLMPADHPWTAKASIDSELLNDKSLLLLGEGHCFRDQVLEACPTVRKGDENKHTTVESSSLETIRHMVASGLGVSVLPFSAVDSHHYAPGVIEVRPFSAPVPFRTVAIAWRASFPRPRAIEVLADSIRLCSVARPQTQEQPQIA,227,4Y0M_A,4Y0M_B,4Y0M_C,4Y0M_D,4Y0M_E,4Y0M_F,4Y0M_G,4Y0M_H,4Y0M_I,4Y0M_J,4Y0M_K,4Y0M_L,,,,,,,,,,,,
GAMAQLAAPLKVGAIYTIGPYLFPHLIPQLHRVAPQMPLYIEENFTHILRDKLRTGELDAIIIALPFQEADVLTKPLFDEPFYVLMPADHPWTAKASIDSELLNDKSLLLLGEGHDFRDQVLEACPTVRKGDENKHTTVESSSLETIRHMVASGLGVSVLPFSAVDSHHYAPGVIEVRPFSAPVPFRTVAIAWRASFPRPRAIEVLADSIRLCSVARPQTQEQPQIA,227,4XWS_A,4XWS_B,4XWS_C,4XWS_D,,,,,,,,,,,,,,,,,,,,
QGLYVGGFVDVVSCPKLEQELYLDPDQVTDYLPVTEPLPITIEHLPETEVGWTLGLFQVSHGIFCTGAITSPAFLELASRLADTSHVARAPVKNLPKEPLLEILHTWLPGLSLSSIHPRELSQTPSGPVFQHVSLCALGRRRGTVAVYGHDAEWVVSRFSSVSKSERAHILQHVSSCRLEDLSTPNFVSPLETLMAKAIDAGFIRDRLDLLKTDRGVASILSPVYLKA,228,2PBK_A,2PBK_B,,,,,,,,,,,,,,,,,,,,,,
GAMTSWRDKSAKVQVKESELPSSIPAQTGLTFNIWYNKWSQGFAGNTRFVSPFALQPQLHSGKTRGDNDGQLFFCLFFAKGMCCLGPKCEYLHHIPDEEDIGKLALRTEVLDCFGREKFADYREDMGGIGSFRKKNKTLYVGGIDGALNSKHLKPAQIESRIRFVFSRLGDIDRIRYVESKNCGFVKFKYQANAEFAKEAMSNQTLLLPSDKEWDDRREGTGLLVKWAN,229,3TP2_A,3TP2_B,,,,,,,,,,,,,,,,,,,,,,
AGHSTQTAEDKEEPLHSIISSTESVQGSTSKHEFQAETKKLLDIVARSLYSEKEVFIRELISNASDALEKLRHKLVSDGQALPEMEIHLQTNAEKGTITIQDTGIGMTQEELVSNLGTIARSGSKAFLDALQNQAEASSKIIGQFGVGFYSAFMVADRVEVYSRSAAPGSLGYQWLSDGSGVFEIAEASGVRTGTKIIIHLKSDCKEFSSEARVRDVVTKYSNFVSFPLYLNGRRMNT,238,5F3K_A,5F3K_B,5F5R_A,5F5R_B,,,,,,,,,,,,,,,,,,,,
MQGSVTEFLKPRLVDIEQVSSTHAKVTLEPLERGFGHTLGNALRRILLSSMPGCAVTEVEIDGVLHEYSTKEGVQEDILEILLNLKGLAVRVQGKDEVILTLNKSGIGPVTAADITHDGDVEIVKPQHVICHLTDENASISMRIKVQRGRGYVPASTRIHSEEDERPIGRLLVDACYSPVERIAYNVEAARVEQRTDLDKLVIEMETNGTIDPEEAIRRAATILAEQLEAFVDLEVLFQ,239,6C6S_G,6C6S_H,,,,,,,,,,,,,,,,,,,,,,
MAEEQPQVELFVKAGSDGAKIGNCPFSQRLFMVLWLKGVTFNVTTVDTKRRTETVQKLCPGGELPFLLYGTEVHTDTNKIEEFLEAVLCPPRYPKLAALNPESNTAGLDIFAKFSAYIKNSNPALNDNLEKGLLKALKVLDNYLTSPLPEGVDETSAEDEGVSQRKFLDGNELTLADCNLLPKLHIVQVVCKKYRGFTIPEAFRGVHRYLSNAYAREEFASTCPDDEEIELAYEQVAKALK,241,1K0N_A,1K0N_B,,,,,,,,,,,,,,,,,,,,,,
GSMAEEQPQVELFVKAGSDGAKIGNCPFSQRLFMVLWLKGVTFNVTTVDTKRRTETVQKLCPGGQLPFLLYGTEVHTDTNKIEEFLEAVLCPPRYPKLAALNPESNTAGLDIFAKFSAYIKNSNPALNDNLEKGLLKALKVLDNYLTSPLPEEVDETSAEDEGVSQRKFLDGNELTLADCNLLPKLHIVQVVCKKYRGFTIPEAFRGVHRYLSNAYAREEFASTCPDDEEIELAYEQVAKALK,243,1RK4_A,1RK4_B,,,,,,,,,,,,,,,,,,,,,,
MDRLDFSIKLLRKVGHLLMIHWGRVDNVEKKTGFKDIVTEIDREAQRMIVDEIRKFFPDENIMAEEGIFEKGDRLWIIDPIDGTINFVHGLPNFSISLAYVENGEVKLGVVHAPALNETLYAEEGSGAFFNGERIRVSENASLEECVGSTGSYVDFTGKFIERMEKRTRRIRILGSAALNAAYVGAGRVDFFVTWRINPWDIAAGLIIVKEAGGMVTDFSGKEANAFSKNFIFSNGLIHDEVVKVVNEVVEEIGGK,256,2P3V_A,2P3V_B,2P3V_C,2P3V_D,,,,,,,,,,,,,,,,,,,,
MARIIVVTSGKGGVGKTTSSAAIATGLAQKGKKTVVIDFAIGLRNLDLIMGCERRVVYDFVNVIQGDATLNQALIKDKRTENLYILPASQTRDKDALTREGVAKVLDDLKAMDFEFIVCDSPAGIETGALMALYFADEAIITTNPEVSSVRDSDRILGILASKSRRAENGEEPIKEHLLLTRYNPGRVSRGDMLSMEDVLEILRIKLVGVIPEDQSVLRASNQGEPVILDINADAGKAYADTVERLLGEERPFRFIEEEK,260,3R9J_A,3R9J_B,,,,,,,,,,,,,,,,,,,,,,
SLTAPPKEAARPTLMPRAQSYKDLTHLPAPTGKIFVSVYNIQDETGQFKPYPASNFSTAVPQSATAMLVTALKDSRWFIPLERQGLQNLLNERKIIRAAQENGTVAINNRIPLQSLTAANIMVEGSIIGYESNVKSGGVGARYFGIGADTQYQLDQIAVNLRVVNVSTGEILSSVNTSKTILSYEVQAGVFRFIDYQRLLEGEVGYTSNEPVMLCLMSAIETGVIFLINDGIDRGLWDLQNKAERQNDILVKYRHMSVPPES,262,4UV2_A,4UV2_B,4UV2_C,4UV2_D,4UV2_E,4UV2_F,4UV2_G,4UV2_H,4UV2_I,4UV2_J,4UV2_K,4UV2_L,4UV2_M,4UV2_N,4UV2_O,4UV2_P,,,,,,,,
MRGSHHHHHHGSIEGRAETAVINHKKRKNSPRIVQSNDLTEAAYSLSRDQKRMLYLFVDQIRKSDGTLQEHDGICEIHVAKYAEIFGLTSAEASKDIRQALKSFAGKEVVFYRPEEDAGDEKGYESFPWFIKRAHSPSRGLYSVHINPYLIPFFIGLQNRFTQFRLSETKEITNPYAMRLYESLCQYRKPDGSGIVSLKIDWIIERYQLPQSYQRMPDFRRRFLQVCVNEINSRTPMRLSYIEKKKGRQTTHIVFSFRDITSMTTG,266,2Z9O_A,2Z9O_B,,,,,,,,,,,,,,,,,,,,,,
AESHLSLLYHLTAVSSPAPGTPAFWVSGWLGPQQYLSYNSLRGEAEPCGAWVWENQVSWYWEKETTDLRIKEKLFLEAFKALGGKGPYTLQGLLGCELGPDNTSVPTAKFALNGEEFMNFDLKQGTWGGDWPEALAISQRWQQQDKAANKELTFLLFSCPHRLREHLERGRGNLEWKEPPSMRLKARPSSPGFSVLTCSAFSFYPPELQLRFLRNGLAAGTGQGDFGPNSDGSFHASSSLTVKSGDEHHYCCIVQHAGLAQPLRVEL,267,3M1B_A,3M1B_C,3M1B_E,3M1B_G,,,,,,,,,,,,,,,,,,,,
MQRLFLLVAVMLLSGCLTAPPKEAARPTLMPRAQSYKDLTHLPAPTGKIFVSVYNIQDETGQFKPYPASNFSTAVPQSATAMLVTALKDSRWFIPLERQGLQNLLNERKIIRAAQENGTVAINNRIPLQSLTAANIMVEGSIIGYESNVKSGGVGARYFGIGADTQYQLDQIAVNLRVVNVSTGEILSSVNTSKTILSYEVQAGVFRFIDYQRLLEGEVGYTSNEPVMLCLMSAIETGVIFLINDGIDRGLWDLQNKAERQNDILVKYRHMSVPPES,277,4Q79_A,4Q79_B,4Q79_C,4Q79_D,4Q79_E,4Q79_F,4Q79_G,4Q79_H,4Q79_I,,,,,,,,,,,,,,,
ADSDINIKTGTTDIGSNTTVKTGDLVTYDKENGMHKKVFYSFIDDKNHNKKLLVIRTKGTIAGQYRVYSEEGANKSGLAWPSAFKVQLQLPDNEVAQISDYYPRNSIDTKEYMSTLTYGFNGNVTGDDTGKIGGLIGANVSIGHTLKYVQPDFKTILESPTDKKVGWKVIFNNMVNQNWGPYDRDSWNPVYGNQLFMKTRNGSMKAADNFLDPNKASSLLSSGFSPDFATVITMDRKASKQQTNIDVIYERVRDDYQLHWTSTNWKGTNTKDKWTDRSSERYKIDWEKEEMTN,293,7AHL_A,7AHL_B,7AHL_C,7AHL_D,7AHL_E,7AHL_F,7AHL_G,,,,,,,,,,,,,,,,,
GSMDTSGKQAEAMALLAEAERKVKNSQSFFSGLFGGSSKIEEACEIYARAANMFKMAKNWSAAGNAFCQAAQLHLQLQSKHDAATCFVDAGNAFKKADPQEAINCLMRAIEIYTDMGRFTIAAKHHISIAEIYETELVDVEKAIAHYEQSADYYKGEESNSSANKCLLKVAGYAAQLEQYQKAIDIYEQVGTSAMDSPLLKYSAKDYFFKAALCHFCIDMLNAKLAVQKYEELFPAFSDSRECKLMKKLLEAHEEQNVDSYTESVKEYDSISRLDQWLTTMLLRIKKTIQGDEEDLR,297,3J97_G,3J97_H,3J97_I,3J97_J,,,,,,,,,,,,,,,,,,,,
CDKTVEVVKNAIETADGALDLYNKYLDQVIPWQTFDETIKELSRFKQEYSQAASVLVGDIKTLLMDSQDKYFEATQTVYEWAGVATQLLAAYILLFDEYNEKKASAQKDILIKVLDDGITKLNEAQKSLLVSSQSFNNASGKLLALDSQLTNDFSEKSSYFQSQVDKIRKEAYAGAAAGVVAGPFGLIISYSIAAGVVEGKLIPELKNKLKSVQNFFTTLSNTVKQANKDIDAAKLKLTTEIAAIGEIKTETETTRFYCDYDDLMLSLLKEAAKKMINTANEYQKRHGKKTLFEVPEV,298,4PHQ_A,4PHQ_B,4PHQ_C,4PHQ_D,,,,,,,,,,,,,,,,,,,,
GMSAKAAEGYEQIEVDVVAVWKEGYVYENRGSTSVDQKITITKGMKNVNSETRTVTATHSIGSTISTGDAFEIGSVEVSYSHSHQKSQVSMTQTEVYSSKVIEHTITIPPTSKFTRWQLNADVGGAGIEYMYLIDEVTPIGGTQSIPQVITSRAKIIVGRQIILGKTEIRIKHAERKEYMTVVSRKSWPAATLGHSKLFKFVLYEDWGGFRIKTLNTMYSGYEYAYSSDQGGIYFDQGTDNPKQRWAINKSLPLRHGDVVTFMNKYFTRSGLCYDDGPATNVYCLDKREDKWILEVVG,298,5EC5_A,5EC5_B,5EC5_C,5EC5_D,5EC5_E,5EC5_F,5EC5_G,5EC5_H,5EC5_I,5EC5_J,5EC5_K,5EC5_L,5EC5_M,5EC5_N,5EC5_O,5EC5_P,5EC5_R,5EC5_S,,,,,,
MADSDINIKTGTTDIGSNTTVKTGDLVTYDKENGMAKKVFYSFIDDKNHNKKLLVIRTKGTIAGQYRVYSEEGANKSGLAWPSAFKVQLQLPDNEVAQISDYYPRNSIDTKEYMSTLTYGFNGNVTGDDTGKIGGLIGANVSIGHTLKYVQPDFKTILESPTDKKVGWKVIFNNMVNQNWGPYDRDSWNPVYGNQLFMKTRNGSMKAAENFLDPNKASSLLSSGFSPDFATVITMDRKASKQQTNIDVIYERVRDDYQLHWTSTNWKGTNTKDKWTDRSSERYKIDWEKEEMTNLEHHHHHH,302,4YHD_A,4YHD_B,4YHD_C,4YHD_D,4YHD_E,4YHD_G,,,,,,,,,,,,,,,,,,
SAKAAEGYEQIEVDVVAVWKEGYVYENRGSTSVDQKITITKGMKNVNSETRTVTATHSIGSTISTGDAFEIGSVEVSYSHSHEESQVSMTETEVYESKVIEHTITIPPTSKFTRWQLNADVGGADIEYMYLIDEVTPIGGTQSIPQVITSRAKIIVGRQIILGKTEIRIKHAERKEYMTVVSRKSWPAATLGHSKLFKFVLYEDWGGFRIKTLNTMYSGYEYAYSSDQGGIYFDQGTDNPKQRWAINKSLPLRHGDVVTFMNKYFTRSGLCYDDGPATNVYCLDKREDKWILEVVGLVPRGSGHHHHHH,309,3ZXG_A,3ZXG_B,,,,,,,,,,,,,,,,,,,,,,
MHHHHHHTEIVADKTVEVVKNAIETADGALDLYNKYLDQVIPWQTFDETIKELSRFKQEYSQAASVLVGDIKTLLMDSQDKYFEATQTVYEWCGVATQLLAAYILLFDEYNEKKASAQKDILIKVLDDGITKLNEAQKSLLVSSQSFNNASGKLLALDSQLTNDFSEKSSYFQSQVDKIRKEAYAGAAAGVVAGPFGLIISYSIAAGVVEGKLIPELKNKLKSVQNFFTTLSNTVKQANKDIDAAKLKLTTEIAAIGEIKTETETTRFYVDYDDLMLSLLKEAAKKMINTCNEYQKRHGKKTLFEVPEV,309,2WCD_A,2WCD_B,2WCD_C,2WCD_D,2WCD_E,2WCD_F,2WCD_G,2WCD_H,2WCD_I,2WCD_J,2WCD_K,2WCD_L,2WCD_M,2WCD_N,2WCD_O,2WCD_P,2WCD_Q,2WCD_R,2WCD_S,2WCD_T,2WCD_U,2WCD_V,2WCD_W,2WCD_X
MFKIGSVLKQIRQELNYHQIDLYSGIMSKSVYIKVEADSRPISVEELSKFSERLGVNFFEILNRAGMNTKSVNETGKEKLLISKIFTNPDLFDKNFQRIEPKRLTSLQYFSIYLGYISIAHHYNIEVPTFNKTITSDLKHLYDKRTTFFGIDYEIVSNLLNVLPYEEVSSIIKPMYPIVDSFGKDYDLTIQTVLKNALTISIMNRNLKEAQYYINQFEHLKTIKNISINGCYDLEINYLKQIYQFLTDKNIDSYLNAVNIINIFKIIGKEDIHRSLVEELTKISAKEKFTPPKEVTMYYENYVAIENNPIPEIKEQS,317,2GRM_A,2GRM_B,2GRM_C,,,,,,,,,,,,,,,,,,,,,
MFKIGSVLKQIRQELNYHQIDLYSGIMSKSVYIKVEADSRPISVEELSKFSERLGVNFFEILNRAGMNTKSVNETGKEKLLISKIFTNPDLFDKNFQRIEPKRLTSLQYFSIYLGYISIAHHYNIEVPTFNKTITSDLKHLYDKRTTFFGIDYEIVSNLLNVLPYEEVSSIIKPMYPIVDSFGKDYDLTIQTVLKNALTISIMNRNLKEAQYYINQFEHLKTIKNISINGYYDLEINYLKQIYQFLTDKNIDSYLNAVNIINIFKIIGKEDIHRSLVEELTKISAKEKFTPPKEVTMYYENYVAIENNPIPEIKEQS,317,2AXZ_A,2AXZ_B,2AXZ_C,2AXZ_D,,,,,,,,,,,,,,,,,,,,
QDLPGNDNSTATLCLGHHAVPNGTLVKTITDDQIEVTNATELVQSSSTGKICNNPHRILDGIDCTLIDALLGDPHCDVFQNETWDLFVERSKAFSNCYPYDVPDYASLRSLVASSGTLEFITEGFTWTGVTQNGGSNACKRGPGSGFFSRLNWLTKSGSTYPVLNVTMPNNDNFDKLYIWGIHHPSTNQEQTSLYVQASGRVTVSTRRSQQTIIPNIGSRPWVRGLSSRISIYWTIVKPGDVLVINSNGNLIAPRGYFKMRTGKSSIMRSDAPIDTCISECITPNGSIPNDKPFQNVNKITYGACPKYVKQNTLKLATGMRNVPEKQT,328,5HMG_A,5HMG_C,5HMG_E,,,,,,,,,,,,,,,,,,,,,
QDLPGNDNSTATLCLGHHAVPNGTLVKTITDDQIEVTNATELVQSSSTGKICNNPHRILDGIDCTLIDALLGDPHCDVFQNETWDLFVERSKAFSNCYPYDVPDYASLRSLVASSGTLEFITEGFTWTGVTQNGGSNACKRGPGSGFFSRLNWLTKSGSTYPVLNVTMPNNDNFDKLYIWGIHHPSTNQEQTSLYVQASGRVTVSTRRSQQTIIPNIGSRPWVRGLSSRISIYWTIVKPGDVLVINSNGNLIAPRGYFKMRTGKSSIMRSDAPIDTCISECITPNGSIPNDKPFQNVNKITYGACPKYVKQNTLKLATGMRNVPEKQTR,329,3ZTJ_A,3ZTJ_C,3ZTJ_E,,,,,,,,,,,,,,,,,,,,,
LGSENDVIELDDVANIMFYGEGEVGDNHQKFMLIFDTGSANLWVPSKKCNSSGCSIKNLYDSSKSKSYEKDGTKVDITYGSGTVKGFFSKDLVTLGHLSMPYKFIEVIDTDDLEPIYSSVEFDGILGLGWKDLSIGSIDPIVVELKNQNKIDNALFTFYLPVHDVHAGYLTIGGIEEKFYEGNITYEKLNHDLYWQIDLDVHFGKQTMEKANVIVDSGTTTITAPSEFLNKFFANLNVIKVPFLPFYVTTCDNKEMPTLEFKSANNTYTLEPEYYMNPILEVDDTLCMITMLPVDIDSNTFILGDPFMRKYFTVFDYDKESVGFAIAKN,329,1QS8_A,1QS8_B,,,,,,,,,,,,,,,,,,,,,,
TDRSPFETDMLTLTRYVMEKGRQAKGTGELTQLLNSMLTAIKAISSAVRKAGLAHLYGIAGSVNVTGDQVKKLDVLSNSLVINMLQSSYSTCVLVSEENKDAIITAKEKRGKYVVCFDPLDGSSNIDCLASIGTIFAIYRKTSEDEPSEKDALQCGRNIVAAGYALYGSATLVALSTGQGVDLFMLDPALGEFVLVEKDVKIKKKGKIYSLNEGYAKYFDAATTEYVQKKKFPEDGSAPYGARYVGSMVADVHRTLVYGGIFLYPANQKSPKGKLRLLYECNPVAYIIEQAGGLATTGTQPVLDVKPEAIHQRVPLILGSPEDVQEYLTCVQKNQAGS,338,3IFA_A,3IFA_B,3IFA_C,3IFA_D,,,,,,,,,,,,,,,,,,,,
ETEAIDNGALREEAKGVFEAIPEKMTAIKQTEDNPEGVPLTAEKIELGKVLFFDPRMSSSGLISCQTCHNVGLGGVDGLPTSIGHGWQKGPRNAPTMLNAIFNAAQFWDGRAADLAEQAKGPVQAGVEMSNTPDQVVKTINSMPEYVEAFKAAFPEEADPVTFDNFAAAIEQFEATLITPNSAFDRFLAGDDAAMTDQEKRGLQAFMETGCTACHYGVNFGGQDYHPFGLIAKPGAEVLPAGDTGRFEVTRTTDDEYVFRAAPLRNVALTAPYFHSGVVWELAEAVKIMSSAQIGTELTDQQAEDITAFLGTLTGEQPVIDHPILPVRTGTTPLPTPM,338,2C1U_A,2C1U_B,2C1U_C,2C1U_D,2C1V_A,2C1V_B,,,,,,,,,,,,,,,,,,
WSHPQFEKGAETAVPNSEDVMKRAQGLFKPIPAKPPVMKDNPASPSRVELGRMLFFDPRLSASHLISCNTCHNVGLGGTDILETSIGHGWQKGPRNSPTVLNAVYNIAQFWDGRAEDLAAQAKGPVQASVEMNNKPENLVATLKSIPGYPPLFRKAFPGQGDPVTFDNVAKAIEVFEATLVTPDAPFDKYLKGNRKAISSTAEQGLALFLDKGCAACHSGVNMGGTGYFPFGVREDPGPVVRPVDDTGRYKVTSTAADKYVFRSPSLRNVAITMPYFHSGKVWKLKDAVKIMGSAQLGISITDADADKIVTFLNTLTGAQPKVMHPVLPPNSDDTPRPVSN,341,4AAL_A,4AAL_B,4AAN_A,,,,,,,,,,,,,,,,,,,,,
MASMTGGQQMGTNQGKGVVAAGDKLALFLKVFGGEVLTAFARTSVTTSRHMVRSISSGKSAQFPVLGRTQAAYLAPGENLDDKRKDIKHTEKVITIDGLLTADVLIYDIEDAMNHYDVRSEYTSQLGESLAMAADGAVLAEIAGLCNVESKYNENIEGLGTATVIETTQNKAALTDQVALGKEIIAALTKARAALTKNYVPAADRVFYCDPDSYSAILAALMPNAANYAALIDPEKGSIRNVMGFEVVEVPHLTAGGAGTAREGTTGQKHVFPANKGEGNVKVAKDNVIGLFMHRSAVGTVKLRDLALERARRANFQADQIIAKYAMGHGGLRPEAAGAVVFKVE,345,3J7V_A,3J7V_B,3J7V_C,3J7V_D,3J7V_E,3J7V_F,3J7V_G,3J7W_A,3J7W_B,3J7W_C,3J7W_D,3J7W_E,3J7W_F,3J7W_G,,,,,,,,,,
SEPKAIDPKLSTTDRVVKAVPFPPSHRLTAKEVFDNDGKPRVDILKAHLMKEGRLEESVALRIITEGASILRQEKNLLDIDAPVTVCGDIHGQFFDLMKLFEVGGSPANTRYLFLGDYVDRGYFSIECVLYLWALKILYPKTLFLLRGNHECRHLTEYFTFKQECKIKYSERVYDACMDAFDCLPLAALMNQQFLCVHGGLSPEINTLDDIRKLDRFKEPPAYGPMCDILWSDPLEDFGNEKTQEHFTHNTVRGCSYFYSYPAVCEFLQHNNLLSILRAHEAQDAGYRMYRKSQTTGFPSLITIFSAPNYLDVYNNKAAVLKYENNVMNIRQFNCSPHPSWAPNFD,346,5C1V_A,5C1V_B,,,,,,,,,,,,,,,,,,,,,,
MELRHTPARDLDKFIEDHLLPNTCFRTQVKEAIDIVCRFLKERCFQGTADPVRVSKVVKGGSSGKGTTLRGRSDADLVVFLTKLTSFEDQLRRRGEFIQEIRRQLEACQREQKFKVTFEVQSPRRENPRALSFVLSSPQLQQEVEFDVLPAFDALGQWTPGYKPNPEIYVQLIKECKSRGKEGEFSTCFTELQRDFLRNRPTKLKSLIRLVKHWYQTCKKTHGNKLPPQYALELLTVYAWEQGSRKTDFSTAQGFQTVLELVLKHQKLCIFWEAYYDFTNPVVGRCMLQQLKKPRPVILDPADPTGNVGGGDTHSWQRLAQEARVWLGYPCCKNLDGSLVGAWTMLQKIGSHHHHHH,357,4RWN_A,4RWQ_A,4RWQ_B,,,,,,,,,,,,,,,,,,,,,
YNVFPRTLKWSKMNLTYRIVNYTPDMTHSEVEKAFKKAFKVWSDVTPLNFTRLHDGIADIMISFGIKEHGDFYPFDGPSGLLAHAFPPGPNYGGDAHFDDDETWTSSSKGYNLFLVAAHAFGHSLGLDHSKDPGALMFPIYTYTGKSHFMLPDDDVQGIQSLYGPGDEDPNPKHPKTPDKCDPSLSLDAITSLRGETMIFKDRFFWRLHPQQVDAELFLTKSFWPELPNRIDAAYEHPSHDLIFIFRGRKFWALNGYDILEGYPKKISELGLPKEVKKISAAVHFEDTGKTLLFSGNQVWRYDDTNHIMDKDYPRLIEEDFPGIGDKVDAVYEKNGYIYFFNGPIQFEYSIWSNRIVRVMPANSILWC,368,4FU4_A,4FU4_B,4G0D_A,4G0D_B,4G0D_C,4G0D_D,,,,,,,,,,,,,,,,,,
TEHLTLAFKIERPYDKVLKTISKKNLKNYIKETFNFFKSGYMKQNYLGSENDVIELDDVANIMFYGEGEVGDNHQKFMLIFDTGSANLWVPSKKCNSSGCSIKNLYDSSKSKSYEKDGTKVDITYGSGTVKGFFSKDLVTLGHLSMPYKFIEVTDTDDLEPIYSSVEFDGILGLGWKDLSIGSIDPIVVELKNQNKIDNALFTFYLPVHDVHAGYLTIGGIEEKFYEGNITYEKLNHDLYWQIDLDVHFGKQTMEKANVIVDSGTTTITAPSEFLNKFFANLNVIKVPFLPFYVTTCDNKEMPTLEFKSANNTYTLEPEYYMNPILEVDDTLCMITMLPVDIDSNTFILGDPFMRKYFTVFDYDKESVGFAIAKN,375,1MIQ_A,1MIQ_B,,,,,,,,,,,,,,,,,,,,,,
GSGAMRIGMVCPYSFDVPGGVQSHVLQLAEVLRDAGHEVSVLAPASPHVKLPDYVVSGGKAVPIPYNGSVARLRFGPATHRKVKKWIAEGDFDVLHIHEPNAPSLSMLALQAAEGPIVATFHTSTTKSLTLSVFQGILRPYHEKIIGRIAVSDLARRWQMEALGSDAVEIPNGVDVASFADAPLLDGYPREGRTVLFLGRYDEPRKGMAVLLAALPKLVARFPDVEILIVGRGDEDELREQAGDLAGHLRFLGQVDDATKASAMRSADVYCAPHLGGESFGIVLVEAMAAGTAVVASDLDAFRRVLADGDAGRLVPVDDADGMAAALIGILEDDQLRAGYVARASERVHRYDWSVVSAQIMRVYETVSGAGIKVQVSGAANRDETAGESV,390,4N9W_A,4NC9_A,4NC9_B,4NC9_C,4NC9_D,,,,,,,,,,,,,,,,,,,
MEKLPPGWEKRMSRSSGRVYYFNHITNASQWERPSGKIEEGKLVIWINGDKGYNGLAEVGKKFEKDTGIKVTVEHPDKLEEKFPQVAATGDGPDIIFWAHDRFGGYAQSGLLAEITPDKAFQDKLYPFTWDAVRYNGKLIAYPIAVEALSLIYNKDLLPNPPKTWEEIPALDKELKAKGKSALMFNLQEPYFTWPLIAADGGYAFKYENGKYDIKDVGVDNAGAKAGLTFLVDLIKNKHMNADTDYSIAEAAFNKGETAMTINGPWAWSNIDTSKVNYGVTVLPTFKGQPSKPFVGVLSAGINAASPNKELAKEFLENYLLTDEGLEAVNKDKPLGAVALKSYEEELAKDPRIAATMENAQKGEIMPNIPQMSAFWYAVRTAVINAASGRQTVDEALKDAQTN,403,5B3Z_A,5B3Z_B,5B3Z_C,5B3Z_D,,,,,,,,,,,,,,,,,,,,
METFDPTELPELLKLYYRRLFPYSQYYRWLNYGGVIKNYFQHREFSFTLKDDIYIRYQSFNNQSDLEKEMQKMNPYKIDIGAVYSHRPNQHNTVKLGAFQAQEKELVFDIDMTDYDDVRRCCSSADICPKCWTLMTMAIRIIDRALKEDFGFKHRLWVYSGRRGVHCWVCDESVRKLSSAVRSGIVEYLSLVKGGQDVKKKVHLSEKIHPFIRKSINIIKKYFEEYALVNQDILENKESWDKILALVPETIHDELQQSFQKSHNSLQRWEHLKKVASRYQNNIKNDKYGPWLEWEIMLQYCFPRLDINVSKGINHLLKSPFSVHPKTGRISVPIDLQKVDQFDPFTVPTISFICRELDAISTNEEEKEENEAESDVKHRTRDYKKTSLAPYVKVFEHFLENLDKSRKGELLKKSDLQKDF,420,4RR2_A,4RR2_C,,,,,,,,,,,,,,,,,,,,,,
PNNLDSNVSQIVLKKFLPGFMSDLVLAKTVDRQLLAGEINSSTGDSVSFKRPHQFSSLRTPTGDISGQNKNNLISGKATGRVGNYITVAVEYQQLEEAIKLNQLEEILAPVRQRIVTDLETELAHFMMNNGALSLGSPNTPITKWSDVAQTASFLKDLGVNEGENYAVMDPWSAQRLADAQTGLHASDQLVRTAWENAQIPTNFGGIRALMSNGLASRTQGAFGGTLTVKTQPTVTYNAVKDSYQFTVTLTGATASVTGFLKAGDQVKFTNTYWLQQQTKQALYNGATPISFTATVTADANSDSGGDVTVTLSGVPIYDTTNPQYNSVSRQVEAGDAVSVVGTASQTMKPNLFYNKFFCGLGSIPLPKLHSIDSAVATYEGFSIRVHKYADGDANVQKMRFDLLPAYVCFNPHMGGQFFGNP,422,5L35_A,5L35_B,5L35_C,5L35_D,5L35_E,5L35_F,5L35_G,,,,,,,,,,,,,,,,,
KFTIVFPHNQKGNWKNVPSNYHYCPSSSDLNWHNDLIGTALQVKMPKSHKAIQADGWMCHASKWVTTCDFRWYGPKYITHSIRSFTPSVEQCKESIEQTKQGTWLNPGFPPQSCGYATVTDAEAVIVQVTPHHVLVDEYTGEWVDSQFINGKCSNYICPTVHNSTTWHSDYKVKGLCDSNLISMDITFFSEDGELSSLGKEGTGFRSNYFAYETGGKACKMQYCKHWGVRLPSGVWFEMADKDLFAAARFPECPEGSSISAPSQTSVDVSLIQDVERILDYSLCQETWSKIRAGLPISPVDLSYLAPKNPGTGPAFTIINGTLKYFETRYIRVDIAAPILSRMVGMISGTTTERELWDDWAPYEDVEIGPNGVLRTSSGYKFPLYMIGHGMLDSDLHLSSKAQVFEHPHIQDAASQLPDDES,422,5I2M_A,5I2M_B,5I2M_C,5I2S_A,,,,,,,,,,,,,,,,,,,,
AEPVYPDQLRLFSLGQGVCGDKYRPVNREEAQSVKSNIVGMMGQWQISGLANGWVIMGPGYNGEIKPGTASNTWCYPTNPVTGEIPTLSALDIPDGDEVDVQWRLVHDSANFIKPTSYLAHYLGYAWVGGNHSQYVGEDMDVTRDGDGWVIRGNNDGGCDGYRCGDKTAIKVSNFAYNLDPDSFKHGDVTQSDRQLVKTVVGWAVNDSDTPQSGYDVTLRGDTATNWSKTNTYGLSEKVTTKNKFKWPLVGETELSIEIAANQSWASQNGGSTTTSLSQSVRPTVPARSKIPVKIELYKADISYPYEFKADVSYDLTLSGFLRWGGNAWYTHPDNRPNWNHTFVIGPYKDKASSIRYQWDKRYIPGEVKWWDWNWTIQQNGLSTMQNNLARVLRPVRAGITGDFSAESQFAGNIEIGAPVPLAA,424,5JZH_A,5JZH_B,5JZH_C,5JZH_D,5JZH_E,5JZH_F,5JZH_G,5JZH_H,5JZH_I,5JZH_J,5JZH_K,5JZH_L,5JZH_M,5JZH_N,,,,,,,,,,
AEPVYPDQLRLFSLGQGVCGDKYRPVNREEAQSVKSNIVGMMGQWQISGLANGWVIMGPGYNGEIKPGTASNTWCYPTNPVTGEIPTLSALDIPDGDEVDVQWRLVHDSANFIKPTSYLAHYLGYAWVGGNHSQYVGEDMDVTRDGDGWVIRGNNDGGCDGYRCGDKTAIKVSNFAYNLDPDSFKHGDVTQSDRQLVKTVVGWAVNDSDTPQSGYDVTLRYDTATNWSKTNTYGLSEKVTTKNKFKWPLVGETELSIEIAANQSWASQNGGSTTTSLSQSVRPTVPARSKIPVKIELYKADISYPYEFKADVSYDLTLSGFLRWGGNAWYTHPDNRPNWNHTFVIGPYKDKASSIRYQWDKRYIPGEVKWWDWNWTIQQNGLSTMQNNLARVLRPVRAGITGDFSAESQFAGNIEIGAPVPLAA,424,5JZT_A,5JZT_B,5JZT_C,5JZT_D,5JZT_E,5JZT_F,5JZT_G,,,,,,,,,,,,,,,,,
MGQIVTMFEALPHIIDEVINIVIIVLIIITSIKAVYNFATCGILALVSFLFLAGRSCGMYGLNGPDIYKGVYQFKSVEFDMSHLNLTMPNACSANNSHHYISMGSSGLELTFTNDSILNHNFCNLTSAFNKKTFDHTLMSIVSSLHLSIRGNSNHKAVSCDFNNGITIQYNLSFSDPQSAISQCRTFRGRVLDMFRTAFGGKYMRSGWGWAGSDGKTTWCSQTSYQYLIIQNRTWENHCRYAGPFGMSRILFAQEKTKFLTRRLAGTFTWTLSDSSGVENPGGYCLTKWMILAAELKCFGNTAVAKCNVNHDEEFCDMLRLIDYNKAALSKFKQDVESALHVFKTTVNSLISDQLLMRNHLRDLMGVPYCNYSKFWYLEHAKTGETSVPKCWLVTNGSYLNETHFSDQIEQEADNMITEMLRKDYIKRQGSTPLALMD,438,5INE_A,5INE_B,,,,,,,,,,,,,,,,,,,,,,
SLDKLHVTSTRPQYVRIKNWGSGEILHDTLHHKATSDFTCKSKSCLGSIMNPKSLTRGPRDKPTPLEELLPHAIEFINQYYGSFKEAKIEEHLARLEAVTKEIETTGTYQLTLDELIFATKMAWRNAPRCIGRIQWSNLQVFDARNCSTAQEMFQHICRHILYATNNGNIRSAITVFPQRSDGKHDFRLWNSQLIRYAGYQMPDGTIRGDAATLEFTQLCIDLGWKPRYGRFDVLPLVLQADGQDPEVFEIPPDLVLEVTMEHPKYEWFQELGLKWYALPAVANMLLEVGGLEFPACPFNGWYMGTEIGVRDFCDTQRYNILEEVGRRMGLETHTLASLWKDRAVTEINVAVLHSFQKQNVTIMDHHTASESFMKHMQNEYRARGGCPADWIWLVPPVSGSITPVFHQEMLNYVLSPFYYYQIEPWKTHIWQNEHHHHHH,440,1QOM_A,1QOM_B,,,,,,,,,,,,,,,,,,,,,,
MHHHHHHSSGVDLGTENLYFQSMEDRAAQSLLNKLIRSNLVDNTNQVEVLQRDPNSPLYSVKSFEELRLKPQLLQGVYAMGFNRPSKIQENALPLMLAEPPQNLIAQSQSGTGKTAAFVLAMLSQVEPANKYPQCLCLSPTYELALQTGKVIEQMGKFYPELKLAYAVRGNKLERGQKISEQIVIGTPGTVLDWCSKLKFIDPKKIKVFVLDEADVMIATQGHQDQSIRIQRMLPRNCQMLLFSATFEDSVWKFAQKVVPDPNVIKLKREEETLDTIKQYYVLCSSRDEKFQALCNLYGAITIAQAMIFCHTRKTASWLAAELSKEGHQVALLSGEMMVEQRAAVIERFREGKEKVLVTTNVCARGIDVEQVSVVINFDLPVDKDGNPDNETYLHRIGRTGRFGKRGLAVNMVDSKHSMNILNRIQEHFNKKIERLDTDDLDEIE,445,3EWS_A,3EWS_B,,,,,,,,,,,,,,,,,,,,,,
MATMYKPSGNKRVTFKDVGGAEEAIEELKEVVEFLKDPSKFNRIGARMPKGILLVGPPGTGATLLARAVAGEANVPFFHISGSDFVELFVGVGAARVRDLFAQAKAHAPCIVFIDEIDAVGRHRGAGLGGGHDEREQTLNQLLVEMDGFDSKEGIIVMAATNRPDILDPALLRPGRFDKKIVVDPPDMLGRKKILEIHTRNKPLAEDVNLEIIAKRTPGFVGADLENLVNEAALLAAREGRDKITMKDFEEAIDRVIAGPARKSLLISPAEKRIIAYHEAGHAVVSTVVPNGEPVHRISIIPRGYKALGYTLHLPEEDKYLVSRNELLDKLTALLGGRAAEEVVFGDVTSGAANDIERATEIARNMVCQLGMSEELGPLAWGKEEQEVFLGKEITRLRNYSEEVASKIDEEVKKIVTNCYERAKEIIRKYRKQLDNIVEILLEKETIEGDELRRILSEEFEKVVE,465,3KDS_E,3KDS_F,3KDS_G,,,,,,,,,,,,,,,,,,,,,
MATMYKPSGNKRVTFKDVGGAEEAIEELKEVVEFLKDPSKFNRIGARMPKGILLVGPPGTGKTLLARAVAGEANVPFFHISGSDFVELFVGVGAARVRDLFAQAKAHAPCIVFIDEIDAVGRHRGAGLGGGHDEREQTLNQLLVEMDGFDSKEGIIVMAATNRPDILDPALLRPGRFDKKIVVDPPDMLGRKKILEIHTRNKPLAEDVNLEIIAKRTPGFVGADLENLVNEAALLAAREGRDKITMKDFEEAIDRVIAGPARKSLLISPAEKRIIAYHEAGHAVVSTVVPNGEPVHRISIIPRGYKALGYTLHLPEEDKYLVSRNELLDKLTALLGGRAAEEVVFGDVTSGAANDIERATEIARNMVCQLGMSEELGPLAWGKEEQEVFLGKEITRLRNYSEEVASKIDEEVKKIVTNCYERAKEIIRKYRKQLDNIVEILLEKETIEGDELRRILSEEFEKVVEAAALEHHHHHH,476,2CE7_A,2CE7_B,2CE7_C,2CE7_D,2CE7_E,2CE7_F,,,,,,,,,,,,,,,,,,
LWLPSEATVYLPPVPVSKVVSTDEYVARTNIYYHAGTSRLLAVGHPYFPIKKPNNNKILVPKVSGLQYRVFRIHLPDPNKFGFPDTSFYNPDTQRLVWACVGVEVGRGQPLGVGISGHPLLNKLDDTENASAYAANAGVDNRECISMDYKQTQLCLIGCKPPIGEHWGKGSPCTNVAVNPGDCPPLELINTVIQDGDMVDTGFGAMDFTTLQANKSEVPLDICTSICKYPDYIKMVSEPYGDSLFFYLRREQMFVRHLFNRAGAVGENVPDDLYIKGSGSTANLASSNYFPTPSGSMVTSDAQIFNKPYWLQRAQGHNNGICWGNQLFVTVVDTTRSTNMSLCAAISTSETTYKNTNFKEYLRHGEEYDLQFIFQLCKITLTADVMTYIHSMNSTILEDWNFGLQPPPGGTLEDTYRFVTSQAIACQKHTPPAPKEDPLKKYTFWEVNLKEKFSADLDQFPLGRKFLLQAGLKAKPKFTLGKR,483,5KEQ_A,5KEQ_B,5KEQ_C,5KEQ_D,5KEQ_E,5KEQ_F,,,,,,,,,,,,,,,,,,
AHHHHHHSSGLVPRGSHMANKAVNDFILAMNYDKKKLLTHQGESIENRFIKEGNQLPDEFVVIERKKRSLSTNTSDISVTATNDSRLYPGALLVVDETLLENNPTLLAVDRAPMTYSIDLPGLASSDSFLQVEDPSNSSVRGAVNDLLAKWHQDYGQVNNVPARMQYEKITAHSMEQLKVKFGSAFEKTGNSLDIDFNSVHSGEKQIQIVNFKQIYYTVSVDAVKNPGDVFQDTVTVEDLKQRGISAERPLVYISSVAYGRQVYLKLETTSKSDEVEAAFEALIKGVKVAPQTEWKQILDNTEVKAVILGGDPSSGARVVTGKVDMVEDLIQEGSRFTADHPGLPISYTTSFLRDNVVATFQNSTDYVETKVTAYRNGDLLLDHSGAYVAQYYITWDELSYDHQGKEVLTPKAWDRNGQDLTAHFTTSIPLKGNVRNLSVKIRECTGLAWEWWRTVYEKTDLPLVRKRTISIWGTTLYPQVEDKVEND,488,5AOE_A,5AOE_B,,,,,,,,,,,,,,,,,,,,,,
GAMAITSKKIENFSDWYTQVIVKSELIEYYDISGCYILRPAAYYIWECVQAFFNKEIKKLNVENSYFPLFVTKNKLEKEKNHIEGFSPEVAWVTKYGDSNLPEEIAIRPTSETIMYSVFPKWIRSYRDLPLKLNQWNTVVRWEFKQPTPFIRTREFLWQEGHTAHKNEEEAVKLVFDILDLYRRWYEEYLAVPIIKGIKSEGEKFGGANFTSTAEAFISENGRAIQAATSHYLGTNFAKMFKIEFEDENEVKQYVHQTSWGCTTRSIGIMIMTHGDDKGLVLPPNVSKYKVVIVPIFYKTTDENAIHSYCKDIEKILKNAQINCVYDDRASYSPGYKFNHWELRGIPIRIEVGPKDLQNNSCVIVRRDNNEKCNVKKESVLLETQQMLVDIHKNLFLKAKKKLDDSIVQVTSFSEVMNALNKKKMVLAPWCEDIATEEEIKKETQRLSLNQTNSETTLSGAMKPLCIPLDQPPMPPNMKCFWSGKPAKRWCLFGRSY,497,4TWA_A,4TWA_B,4YDQ_A,4YDQ_B,,,,,,,,,,,,,,,,,,,,
LDLAALMQIGVIPTNVRQLMYYTEASSAFIVVKLMPTIDSPISGCNITSISSYNATVTKLLQPIGENLETIRNQLIPTRRRFAGVVIGLAALGVATAAQVTAAVALVKANENAAAILNLKNAIQKTNAAVADVVQATQSLGTAVQAVQDHINSVVSPAITAANCKAQDAIIGSILNLYLTELTTIFHNQITNPALSPITIQALRILLGSTLPTVVEKSFNTQISAAELLSSGLLTGQIVGLDLTYMQMVIKIELPTLTVQPATQIIDLATISAFINNQEVMAQLPTRVMVTGSLIQAYPASQCTITPNTVYCRYNDAQVLSDDTMACLQGNLTRCTFSPVVGSFLTRFVLFDGIVYANCRSMLCKCMQPAAVILQPSSSPVTVIDMYKCVSLQLDNLRFTITQLANVTYNSTIKLESSQILPIDPLDISQNLAAVNKSLSDALQHLAQSDTYLSAIEDKIEEILSKIYHIENEIARIKKLIGEAPGGIEGRHHHHHH,497,4WSG_A,4WSG_B,4WSG_C,,,,,,,,,,,,,,,,,,,,,
GILHYEKLSKIGLVKGITRKYKIKSNPLTKDIVIKMKPNVSNVSKCTGTVMENYKSRLTGILSPIKGAIELYNNNTHDLVGDVKLAGVVMAGIAIGIATAAQITAGVALYEAMKNADNINKLKSSIESTNEAVVKLQETAEKTVYVLTALQDYINTNLVPSIDQISCKQTELALDLALSKYLSDLLFVFGPNLQDPVSNSMTIQAISQAFGGNYETLLRTLGYATEDFDDLLESDSITGQIVYVDLSSYYIIVRVYFPILTEIQQAYVQELLPVSFNNDNSEWISIVPNFVLIRNTLISNIEVKYCLITKKSVICNQDYATPMTASVRECLTGSTDKCPRELVVSSHVPRFALSGGVLFANCISVTCQCQTTGRAISQSGEQTLLMIDNTTCTTVVLGNIIISLGKYLGSINYNSESIAVGPPVYTDKVDISSQISSMNQSLQQSKDYIKEAQKILDNVEDKIEEILSKIYHIENEIARIKKLIGEAPGGIEGRHHHHHHH,501,5EJB_A,5EJB_B,5EJB_C,5EJB_D,5EJB_E,5EJB_F,,,,,,,,,,,,,,,,,,
MEFSGRKWRKLRLAGDQRNASYPHCLQFYLQPPSENISLIEFENLAIDRVKLLKSVENLGVSYVKGTEQYQSKLESELRKLKFSYRENLEDEYEPRRRDHISHFILRLAYCQSEELRRWFIQQEMDLLRFRFSILPKDKIQDFLKDSQLQFEAISDEEKTLREQEIVASSPSLSGLKLGFESIYKIPFADALDLFRGRKVYLEDGFAYVPLKDIVAIILNEFRAKLSKALALTARSLPAVQSDERLQPLLNHLSHSYTGQDYSTQGNVGKISLDQIDLLSTKSFPPCMRQLHKALRENHHLRHGGRMQYGLFLKGIGLTLEQALQFWKQEFIKGKMDPDKFDKGYSYNIRHSFGKEGKRTDYTPFSCLKIILSNPPSQGDYHGCPFRHSDPELLKQKLQSYKISPGGISQILDLVKGTHYQVACQKYFEMIHNVDDCGFSLNHPNQFFCESQRILNGGKDIKKEPIQPETPQPKPSVQKTKDASSALASLNSSLEMDMEGLEDYFSEDS,509,4RR2_B,4RR2_D,,,,,,,,,,,,,,,,,,,,,,
MASMTGGQQMGRGSMSRDPLPFFPPLYLGGPEITTENCEREPIHIPGSIQPHGALLTADGHSGEVLQMSLNAATFLGQEPTVLRGQTLAALLPEQWPALQAALPPGCPDALQYRATLDWPAAGHLSLTVHRVGELLILEFEPTEAWDSTGPHALRNAMFALESAPNLRALAEVATQTVRELTGFDRVMLYKFAPDATGEVIAEARREGLHAFLGHRFPASDIPAQARALYTRHLLRLTADTRAAAVPLDPVLNPQTNAPTPLGGAVLRATSPMHMQYLRNMGVGSSLSVSVVVGGQLWGLIACHHQTPYVLPPDLRTTLEYLGRLLSLQVQVKEAADVAAFRQSLREHHARVALAAAHSLSPHDTLSDPALDLLGLMRAGGLILRFEGRWQTLGEVPPAPAVDALLAWLETQPGALVQTDALGQLWPAGADLAPSAAGLLAISVGEGWSECLVWLRPELRLEVAWGGATPDQAKDDLGPRHSFDTYLEEKRGYAEPWHPGEIEEAQDLRDTLTGALEHHHHHH,523,4O01_A,4O01_B,4O01_C,4O01_D,4O0P_A,4O0P_B,,,,,,,,,,,,,,,,,,
GADDVVDSSKSFVMENFSSYHGTKPGYVDSIQKGIQKPKSGTQGNYDDDWKGFYSTDNKYDAAGYSVDNENPLSGKAGGVVKVTYPGLTKVLALKVDNAETIKKELGLSLTEPLMEQVGTEEFIKRFGDGASRVVLSLPFAEGSSSVEYINNWEQAKALSVELEINFETRGKRGQDAMYEYMAQACAGNRVRRSVGSSLSCINLDWDVIRDKTKTKIESLKEHGPIKNKMSESPNKTVSEEKAKQYLEEFHQTALEHPELSELKTVTGTNPVFAGANYAAWAVNVAQVIDSETADNLEKTTAALSILPGIGSVMGIADGAVHHNTEEIVAQSIALSSLMVAQAIPLVGELVDIGFAAYNFVESIINLFQVVHNSYNRPAYSPGHKTQPFLHDGYAVSWNTVEDSIIRTGFQGESGHDIKITAENTPLPIAGVLLPTIPGKLDVNKSKTHISVNGRKIRMRCRAIDGDVTFCRPKSPVYVGNGVHANLHVAFHRSSSEKIHSNEISSDSIGVLGYQKTVDHTKVNSKLSLFFEIKS,535,4OW6_A,4OW6_B,,,,,,,,,,,,,,,,,,,,,,
SGFASPAPANSETNTLPHVAFYISVNRAISDEECTFNNSWLWKNEKGSRPFCKDANISLIYRVNLERSLQYGIVGSATPDAKIVRISLDDDSTGAGIHLNDQLGYRQFGASYTTLDAYFREWSTDAIAQDYRFVFNASNNKAQILKTFPVDNINEKFERKEVSGFELGVTGGVEVSGDGPKAKLEARASYTQSRWLTYNTQDYRIERNAKNAQAVSFTWNRQQYATAESLLNRSTDALWVNTYPVDVNRISPLSYASFVPKMDVIYKASATETGSTDFIIDSSVNIRPIYNGAYKHYYVVGAHQSYHGFEDTPRRRITKSASFTVDWDHPVFTGGRPVNLQLASFNNRCIQVDAQGRLTANMCDSQQSAQSFIYDQLGRYVSASNTKLCLDGAALDALQPCNQNLTQRWEWRKGTDELTNVYSGESLGHDKQTGELGLYASSNDAVSLRTITAYTDVFNAQESSPILGYTQGKMNQQRVGQDNRLYVRAGAAIDALGSASDLLVGGNGGSLSSVDLSGVKSITATSGDFQYGGQQLVALTFTYQDGRQQTVGSKAYVTNAHEDRFDLPDAAKITQLKIWADDWLVKGVQFDLN,593,3O44_A,3O44_B,3O44_C,3O44_D,3O44_E,3O44_F,3O44_G,3O44_H,3O44_I,3O44_J,3O44_K,3O44_L,3O44_M,3O44_N,,,,,,,,,,
GAHMAGRSMQAARCPTDELSLSNCAVVSEKDYQSGQHVIVRTSPNHKYIFTLRTHPSVVPGSVAFSLPQRKWAGLSIGQEIEVALYSFDKAKQCIGTMTIEIDFLQKKNIDSNPYDTDKMAAEFIQQFNNQAFSVGQQLVFSFNDKLFGLLVKDIEAMDPSILKGEPASGKRQKIEVGLVVGNSQVAFEKAENSSLNLIGKAKTKENRQSIINPDWNFEKMGIGGLDKEFSDIFRRAFASRVFPPEIVEQMGCKHVKGILLYGPPGCGKTLLARQIGKMLNAREPKVVNGPEILNKYVGESEANIRKLFADAEEEQRRLGANSGLHIIIFDEIDAICKQRGSMAGSTGVHDTVVNQLLSKIDGVEQLNNILVIGMTNRPDLIDEALLRPGRLEVKMEIGLPDEKGRLQILHIHTARMRGHQLLSADVDIKELAVETKNFSGAELEGLVRAAQSTAMNRHIKASTKVEVDMEKAESLQVTRGDFLASLENDIKPAFGTNQEDYASYIMNGIIKWGDPVTRVLDDGELLVQQTKNSDRTPLVSVLLEGPPHSGKTALAAKIAEESNFPFIKICSPDKMIGFSETAKCQAMKKIFDDAYKSQLSCVVVDDIERLLDYVPIGPRFSNLVLQALLVLLKKAPPQGRKLLIIGTTSRKDVLQEMEMLNAFSTTIHVPNIATGEQLLEALELLGNFKDKERTTIAQQVKGKKVWIGIKKLLMLIEMSLQMDPEYRVRKFLALLREEGASPLDFD,747,3J97_A,3J97_B,3J97_C,3J97_D,3J97_E,3J97_F,,,,,,,,,,,,,,,,,,
MNTINIAKNDFSDIELAAIPFNTLADHYGERLAREQLALEHESYEMGEARFRKMFERQLKAGEVADNAAAKPLITTLLPKMIARINDWFEEVKAKRGKRPTAFQFLQEIKPEAVAYITIKTTLACLTSADNTTVQAVASAIGRAIEDEARFGRIRDLEAKHFKKNVEEQLNKRVGHVYKKAFMQVVEADMLSKGLLGGEAWSSWHKEDSIHVGVRCIEMLIESTGMVSLHRQNAGVVGQDSETIELAPEYAEAIATRAGALAGISPMFQPCVVPPKPWTGITGGGYWANGRRPLALVRTHSKKALMRYEDVYMPEVYKAINIAQNTAWKINKKVLAVANVITKWKHCPVEDIPAIEREELPMKPEDIDMNPEALTAWKRAAAAVYRKDKARKSRRISLEFMLEQANKFANHKAIWFPYNMDWRGRVYAVSMFNPQGNDMTKGLLTLAKGKPIGKEGYYWLKIHGANCAGVDKVPFPERIKFIEENHENIMACAKSPLENTWWAEQDSPFCFLAFCFEYAGVQHHGLSYNCSLPLAFDGSCSGIQHFSAMLRDEVGGRAVNLLPSETVQDIYGIVAKKVNEILQADAINGTDNEVVTVTDENTGEISEKVKLGTKALAGQWLAYGVTRSVTKRSVMTLAYGSKEFGFRQQVLEDTIQPAIDSGKGLMFTQPNQAAGYMAKLIWESVSVTVVAAVEAMNWLKSAAKLLAAEVKDKKTGEILRKRCAVHWVTPDGFPVWQEYKKPIQTRLNLMFLGQFRLQPTINTNKDSEIDAHKQESGIAPNFVHSQDGSHLRKTVVWAHEKYGIESFALIHDSFGTIPADAANLFKAVRETMVDTYESCDVLADFYDQFADQLHESQLDKMPALPAKGNLNLRDILESDFAFA,883,1H38_A,1H38_B,1H38_C,1H38_D,1QLN_A,,,,,,,,,,,,,,,,,,,
CFCDHYAWTQWTSCSKTCNSGTQSRHRQIVVDKYYQENFCEQICSKQETRECNWQRCPINCLLGDFGPWSDCDPCIEKQSKVRSVLRPSQFGGQPCTAPLVAFQPCIPSKLCKIEEADCKNKFRCDSGRCIARKLECNGENDCGDNSDERDCGRTKAVCTRKYNPIPSVQLMGNGFHFLAGEPRGEVLDNSFTGGICKTVKSSRTSNPYRVPANLENVGFEVQTAEDDLKTDFYKDLTSLGHNENQQGSFSSQGGSSFSVPIFYSSKRSENINHNSAFKQAIQASHKKDSSFIRIHKVMKVLNFTTKAKDLHLSDVFLKALNHLPLEYNSALYSRIFDDFGTHYFTSGSLGGVYDLLYQFSSEELKNSGLTEEEAKHCVRIETKKRVLFAKKTKVEHRCTTNKLSEKHEGSFIQGAEKSISLIRGGRSEYGAALAWEKGSSGLEEKTFSEWLESVKENPAVIDFELAPIVDLVRNIPCAVTKRNNLRKALQEYAAKFDPCQCAPCPNNGRPTLSGTECLCVCQSGTYGENCEKQSPDYKSNAVDGQWGCWSSWSTCDATYKRSRTRECNNPAPQRGGKRCEGEKRQEEDCTFSIMENNGQPCINDDEEMKEVDLPEIEADSGCPQPVPPENGFIRNEKQLYLVGEDVEISCLTGFETVGYQYFRCLPDGTWRQGDVECQRTECIKPVVQEVLTITPFQRLYRIGESIELTCPKGFVVAGPSRYTCQGNSWTPPISNSLTCEKDTLTKLKGHCQLGQKQSGSECICMSPEEDCSHHSEDLCVFDTDSNDYFTSPACKFLAEKCLNNQQLHFLHIGSCQDGRQLEWGLERTRLSSNSTKKESCGYDTCYDWEKCSASTSKCVCLLPPQCFKGGNQLYCVKMGSSTSEKTLNICEVGTIRCANRKMEILHPGKCLA,913,3T5O_A,4A5W_B,,,,,,,,,,,,,,,,,,,,,,
MFIFLLFLTLTSGSDLDRCTTFDDVQAPNYTQHTSSMRGVYYPDEIFRSDTLYLTQDLFLPFYSNVTGFHTINHTFGNPVIPFKDGIYFAATEKSNVVRGWVFGSTMNNKSQSVIIINNSTNVVIRACNFELCDNPFFAVSKPMGTQTHTMIFDNAFNCTFEYISDAFSLDVSEKSGNFKHLREFVFKNKDGFLYVYKGYQPIDVVRDLPSGFNTLKPIFKLPLGINITNFRAILTAFSPAQDIWGTSAAAYFVGYLKPTTFMLKYDENGTITDAVDCSQNPLAELKCSVKSFEIDKGIYQTSNFRVVPSGDVVRFPNITNLCPFGEVFNATKFPSVYAWERKKISNCVADYSVLYNSTFFSTFKCYGVSATKLNDLCFSNVYADSFVVKGDDVRQIAPGQTGVIADYNYKLPDDFMGCVLAWNTRNIDATSTGNYNYKYRYLRHGKLRPFERDISNVPFSPDGKPCTPPALNCYWPLNDYGFYTTTGIGYQPYRVVVLSFELLNAPATVCGPKLSTDLIKNQCVNFNFNGLTGTGVLTPSSKRFQPFQQFGRDVSDFTDSVRDPKTSEILDISPCSFGGVSVITPGTNASSEVAVLYQDVNCTDVSTAIHADQLTPAWRIYSTGNNVFQTQAGCLIGAEHVDTSYECDIPIGAGICASYHTVSLLASTSQKSIVAYTMSLGADSSIAYSNNTIAIPTNFSISITTEVMPVSMAKTSVDCNMYICGDSTECANLLLQYGSFCTQLNRALSGIAAEQDRNTREVFAQVKQMYKTPTLKYFGGFNFSQILPDPLKPTKRSFIEDLLFNKVTLADAGFMKQYGECLGDINARDLICAQKFNGLTVLPPLLTDDMIAAYTAALVSGTATAGWTFGAGAALQIPFAMQMAYRFNGIGVTQNVLYENQKQIANQFNKAISQIQESLTTTSTALGKLQDVVNQNAQALNTLVKQLSSNFGAISSVLNDILSRLDKVEAEVQIDRLITGRLQSLQTYVTQQLIRAAEIRASANLAATKMSECVLGQSKRVDFCGKGYHLMSFPQAAPHGVVFLHVTYVPSQERNFTTAPAICHEGKAYFPREGVFVFNGTSWFITQRNFFSPQIITTDNTFVSGNCDVVIGIINNTVYDPLQPELDSFKEELDKYFKNHTSPDVDLGDISGINASVVNIQKEIDRLNEVAKNLNESLIDLQELGKYEQYIKWPWSHPQFEK,1203,5WRG_A,5WRG_B,5WRG_C,,,,,,,,,,,,,,,,,,,,,
SMDKKYSIGLDIGTNSVGWAVITDDYKVPSKKFKVLGNTDRHSIKKNLIGALLFDSGETAEATRLKRTARRRYTRRKNRICYLQEIFSNEMAKVDDSFFHRLEESFLVEEDKKHERHPIFGNIVDEVAYHEKYPTIYHLRKKLVDSTDKADLRLIYLALAHMIKFRGHFLIEGDLNPDNSDVDKLFIQLVQTYNQLFEENPINASGVDAKAILSARLSKSRRLENLIAQLPGEKKNGLFGNLIALSLGLTPNFKSNFDLAEDAKLQLSKDTYDDDLDNLLAQIGDQYADLFLAAKNLSDAILLSDILRVNTEITKAPLSASMIKRYDEHHQDLTLLKALVRQQLPEKYKEIFFDQSKNGYAGYIDGGASQEEFYKFIKPILEKMDGTEELLVKLNREDLLRKQRTFDNGSIPHQIHLGELHAILRRQEDFYPFLKDNREKIEKILTFRIPYYVGPLARGNSRFAWMTRKSEETITPWNFEEVVDKGASAQSFIERMTNFDKNLPNEKVLPKHSLLYEYFTVYNELTKVKYVTEGMRKPAFLSGEQKKAIVDLLFKTNRKVTVKQLKEDYFKKIECFDSVEISGVEDRFNASLGTYHDLLKIIKDKDFLDNEENEDILEDIVLTLTLFEDREMIEERLKTYAHLFDDKVMKQLKRRRYTGWGRLSRKLINGIRDKQSGKTILDFLKSDGFANRNFMQLIHDDSLTFKEDIQKAQVSGQGDSLHEHIANLAGSPAIKKGILQTVKVVDELVKVMGRHKPENIVIEMARENQTTQKGQKNSRERMKRIEEGIKELGSQILKEHPVENTQLQNEKLYLYYLQNGRDMYVDQELDINRLSDYDVDHIVPQSFLKDDSIDNKVLTRSDKNRGKSDNVPSEEVVKKMKNYWRQLLNAKLITQRKFDNLTKAERGGLSELDKAGFIKRQLVETRQITKHVAQILDSRMNTKYDENDKLIREVKVITLKSKLVSDFRKDFQFYKVREINNYHHAHDAYLNAVVGTALIKKYPKLESEFVYGDYKVYDVRKMIAKSEQEIGKATAKYFFYSNIMNFFKTEITLANGEIRKRPLIETNGETGEIVWDKGRDFATVRKVLSMPQVNIVKKTEVQTGGFSKESILPKRNSDKLIARKKDWDPKKYGGFDSPTVAYSVLVVAKVEKGKSKKLKSVKELLGITIMERSSFEKNPIDFLEAKGYKEVKKDLIIKLPKYSLFELENGRKRMLASAGELQKGNELALPSKYVNFLYLASHYEKLKGSPEDNEQKQLFVEQHKHYLDEIIEQISEFSKRVILADANLDKVLSAYNKHRDKPIREQAENIIHLFTLTNLGAPAAFKYFDTTIDRKRYTSTKEVLDATLIHQSITGLYETRIDLSQLGGD,1369,4ZT0_A,4ZT0_C,,,,,,,,,,,,,,,,,,,,,,
GAASMDKKYSIGLDIGTNSVGWAVITDEYKVPSKKFKVLGNTDRHSIKKNLIGALLFDSGETAEATRLKRTARRRYTRRKNRICYLQEIFSNEMAKVDDSFFHRLEESFLVEEDKKHERHPIFGNIVDEVAYHEKYPTIYHLRKKLVDSTDKADLRLIYLALAHMIKFRGHFLIEGDLNPDNSDVDKLFIQLVQTYNQLFEENPINASGVDAKAILSARLSKSRRLENLIAQLPGEKKNGLFGNLIALSLGLTPNFKSNFDLAEDAKLQLSKDTYDDDLDNLLAQIGDQYADLFLAAKNLSDAILLSDILRVNTEITKAPLSASMIKRYDEHHQDLTLLKALVRQQLPEKYKEIFFDQSKNGYAGYIDGGASQEEFYKFIKPILEKMDGTEELLVKLNREDLLRKQRTFDNGSIPHQIHLGELHAILRRQEDFYPFLKDNREKIEKILTFRIPYYVGPLARGNSRFAWMTRKSEETITPWNFEEVVDKGASAQSFIERMTNFDKNLPNEKVLPKHSLLYEYFTVYNELTKVKYVTEGMRKPAFLSGEQKKAIVDLLFKTNRKVTVKQLKEDYFKKIECFDSVEISGVEDRFNASLGTYHDLLKIIKDKDFLDNEENEDILEDIVLTLTLFEDREMIEERLKTYAHLFDDKVMKQLKRRRYTGWGRLSRKLINGIRDKQSGKTILDFLKSDGFANRNFMQLIHDDSLTFKEDIQKAQVSGQGDSLHEHIANLAGSPAIKKGILQTVKVVDELVKVMGRHKPENIVIEMARENQTTQKGQKNSRERMKRIEEGIKELGSQILKEHPVENTQLQNEKLYLYYLQNGRDMYVDQELDINRLSDYDVDHIVPQSFLKDDSIDNKVLTRSDKNRGKSDNVPSEEVVKKMKNYWRQLLNAKLITQRKFDNLTKAERGGLSELDKAGFIKRQLVETRQITKHVAQILDSRMNTKYDENDKLIREVKVITLKSKLVSDFRKDFQFYKVREINNYHHAHDAYLNAVVGTALIKKYPKLESEFVYGDYKVYDVRKMIAKSEQEIGKATAKYFFYSNIMNFFKTEITLANGEIRKRPLIETNGETGEIVWDKGRDFATVRKVLSMPQVNIVKKTEVQTGGFSKESILPKRNSDKLIARKKDWDPKKYGGFDSPTVAYSVLVVAKVEKGKSKKLKSVKELLGITIMERSSFEKNPIDFLEAKGYKEVKKDLIIKLPKYSLFELENGRKRMLASAGELQKGNELALPSKYVNFLYLASHYEKLKGSPEDNEQKQLFVEQHKHYLDEIIEQISEFSKRVILADANLDKVLSAYNKHRDKPIREQAENIIHLFTLTNLGAPAAFKYFDTTIDRKRYTSTKEVLDATLIHQSITGLYETRIDLSQLGGD,1372,4CMQ_A,4CMQ_B,,,,,,,,,,,,,,,,,,,,,,
